Location,Time,Variant,Value
Austria,1990,Median,7679624.5
Austria,1991,Median,7757140
Austria,1992,Median,7842712
Austria,1993,Median,7907495.5
Austria,1994,Median,7938155
Austria,1995,Median,7950321.5
Austria,1996,Median,7960914.5
Austria,1997,Median,7969803.5
Austria,1998,Median,7978465.5
Austria,1999,Median,7993892.5
Austria,2000,Median,8012928
Austria,2001,Median,8042232.5
Austria,2002,Median,8081636.5
Austria,2003,Median,8122602
Austria,2004,Median,8173491
Austria,2005,Median,8229204.5
Austria,2006,Median,8269898.499999999
Austria,2007,Median,8296951.999999999
Austria,2008,Median,8323252.500000001
Austria,2009,Median,8345065.500000001
Austria,2010,Median,8365091.5
Austria,2011,Median,8393270
Austria,2012,Median,8431601
Austria,2013,Median,8481406.5
Austria,2014,Median,8547817.5
Austria,2015,Median,8644038.5
Austria,2016,Median,8737915.5
Austria,2017,Median,8798777.5
Austria,2018,Median,8841650.5
Austria,2019,Median,8880876
Austria,2020,Median,8921405
Austria,2021,Median,8967056.5
Austria,2022,Median,9064677
Austria,2023,Median,9130429
Austria,2024,Median,9120813
Austria,2025,Median,9113574
Austria,2026,Median,9107266
Austria,2027,Median,9101493
Austria,2028,Median,9096265
Austria,2029,Median,9089763.5
Austria,2030,Median,9080346.5
Austria,2031,Median,9069088.5
Austria,2032,Median,9056509.5
Austria,2033,Median,9043485.5
Austria,2034,Median,9029409.5
Austria,2035,Median,9014208
Austria,2036,Median,8999245.5
Austria,2037,Median,8982695.5
Austria,2038,Median,8966400.5
Austria,2039,Median,8950790.5
Austria,2040,Median,8934061.5
Austria,2041,Median,8917559.5
Austria,2042,Median,8900674
Austria,2043,Median,8883178
Austria,2044,Median,8864497.5
Austria,2045,Median,8844730
Austria,2046,Median,8824199
Austria,2047,Median,8801902.5
Austria,2048,Median,8777846
Austria,2049,Median,8751755.5
Austria,2050,Median,8724332
Austria,2051,Median,8696685.5
Austria,2052,Median,8667921.5
Austria,2053,Median,8636710.5
Austria,2054,Median,8603886
Austria,2055,Median,8570634.5
Austria,2056,Median,8537011.5
Austria,2057,Median,8501897
Austria,2058,Median,8465818
Austria,2059,Median,8430060.5
Austria,2060,Median,8394695.5
Austria,2061,Median,8360105.5
Austria,2062,Median,8325620.000000001
Austria,2063,Median,8291172.500000001
Austria,2064,Median,8258211.499999999
Austria,2065,Median,8225772.000000001
Austria,2066,Median,8193049.499999999
Austria,2067,Median,8161532.5
Austria,2068,Median,8131306
Austria,2069,Median,8101554.5
Austria,2070,Median,8072756
Austria,2071,Median,8045284
Austria,2072,Median,8017716.5
Austria,2073,Median,7990447
Austria,2074,Median,7963623.5
Austria,2075,Median,7937308
Austria,2076,Median,7911661.5
Austria,2077,Median,7884737
Austria,2078,Median,7857205.5
Austria,2079,Median,7830807.5
Austria,2080,Median,7805761
Austria,2081,Median,7781119
Austria,2082,Median,7755989
Austria,2083,Median,7730759
Austria,2084,Median,7705346.5
Austria,2085,Median,7680365.5
Austria,2086,Median,7656850.5
Austria,2087,Median,7634721
Austria,2088,Median,7612694.5
Austria,2089,Median,7590340.5
Austria,2090,Median,7569186.5
Austria,2091,Median,7549429
Austria,2092,Median,7530928.5
Austria,2093,Median,7513401.5
Austria,2094,Median,7496580.5
Austria,2095,Median,7479874
Austria,2096,Median,7462943
Austria,2097,Median,7446091.5
Austria,2098,Median,7429819
Austria,2099,Median,7414451
Austria,2100,Median,7399328.5
Belgium,1990,Median,9960968
Belgium,1991,Median,9998961
Belgium,1992,Median,10045987
Belgium,1993,Median,10084930.5
Belgium,1994,Median,10116005.5
Belgium,1995,Median,10137265
Belgium,1996,Median,10156969.5
Belgium,1997,Median,10181464
Belgium,1998,Median,10203181.5
Belgium,1999,Median,10226681.5
Belgium,2000,Median,10251717
Belgium,2001,Median,10287004.5
Belgium,2002,Median,10332973
Belgium,2003,Median,10376260
Belgium,2004,Median,10421292
Belgium,2005,Median,10478885.5
Belgium,2006,Median,10548442.5
Belgium,2007,Median,10625492.5
Belgium,2008,Median,10709707.5
Belgium,2009,Median,10812935.5
Belgium,2010,Median,10936625.5
Belgium,2011,Median,11038631.5
Belgium,2012,Median,11107518
Belgium,2013,Median,11160276
Belgium,2014,Median,11210119
Belgium,2015,Median,11275334.5
Belgium,2016,Median,11332700.5
Belgium,2017,Median,11376580.5
Belgium,2018,Median,11428605
Belgium,2019,Median,11490618
Belgium,2020,Median,11540107
Belgium,2021,Median,11570843.5
Belgium,2022,Median,11641820
Belgium,2023,Median,11712893
Belgium,2024,Median,11738763.5
Belgium,2025,Median,11758603
Belgium,2026,Median,11774642.5
Belgium,2027,Median,11788639.5
Belgium,2028,Median,11801622
Belgium,2029,Median,11813659
Belgium,2030,Median,11824141
Belgium,2031,Median,11833002.5
Belgium,2032,Median,11841124
Belgium,2033,Median,11849247.5
Belgium,2034,Median,11856875.5
Belgium,2035,Median,11863584.5
Belgium,2036,Median,11869958
Belgium,2037,Median,11876528.5
Belgium,2038,Median,11882906
Belgium,2039,Median,11888117
Belgium,2040,Median,11892204.5
Belgium,2041,Median,11895957.5
Belgium,2042,Median,11898971
Belgium,2043,Median,11900653.5
Belgium,2044,Median,11901548.5
Belgium,2045,Median,11900984
Belgium,2046,Median,11898559.5
Belgium,2047,Median,11894556.5
Belgium,2048,Median,11888624
Belgium,2049,Median,11880656.5
Belgium,2050,Median,11870906
Belgium,2051,Median,11859002.5
Belgium,2052,Median,11844314.5
Belgium,2053,Median,11827231.5
Belgium,2054,Median,11809034.5
Belgium,2055,Median,11790123
Belgium,2056,Median,11769786
Belgium,2057,Median,11747805.5
Belgium,2058,Median,11726478.5
Belgium,2059,Median,11705883.5
Belgium,2060,Median,11684663
Belgium,2061,Median,11662417.5
Belgium,2062,Median,11639828
Belgium,2063,Median,11618143
Belgium,2064,Median,11597066.5
Belgium,2065,Median,11577020
Belgium,2066,Median,11558128.5
Belgium,2067,Median,11540449
Belgium,2068,Median,11523333.5
Belgium,2069,Median,11506727
Belgium,2070,Median,11490796
Belgium,2071,Median,11476221.5
Belgium,2072,Median,11463025
Belgium,2073,Median,11449950.5
Belgium,2074,Median,11436977
Belgium,2075,Median,11424663.5
Belgium,2076,Median,11413124.5
Belgium,2077,Median,11401155.5
Belgium,2078,Median,11387797.5
Belgium,2079,Median,11374349.5
Belgium,2080,Median,11361054.5
Belgium,2081,Median,11348181.5
Belgium,2082,Median,11335106.5
Belgium,2083,Median,11321441.5
Belgium,2084,Median,11308006
Belgium,2085,Median,11294427
Belgium,2086,Median,11280649
Belgium,2087,Median,11265957
Belgium,2088,Median,11250780
Belgium,2089,Median,11236086.5
Belgium,2090,Median,11221815.5
Belgium,2091,Median,11207572.5
Belgium,2092,Median,11192507.5
Belgium,2093,Median,11176899
Belgium,2094,Median,11161121
Belgium,2095,Median,11145150.5
Belgium,2096,Median,11129657
Belgium,2097,Median,11114014.5
Belgium,2098,Median,11097068
Belgium,2099,Median,11079076
Belgium,2100,Median,11060848
Bulgaria,1990,Median,8822365
Bulgaria,1991,Median,8695797
Bulgaria,1992,Median,8559100.5
Bulgaria,1993,Median,8466533
Bulgaria,1994,Median,8416917.5
Bulgaria,1995,Median,8357574.000000001
Bulgaria,1996,Median,8291397.999999999
Bulgaria,1997,Median,8217102.000000001
Bulgaria,1998,Median,8138194.5
Bulgaria,1999,Median,8067462.5
Bulgaria,2000,Median,8000519.5
Bulgaria,2001,Median,7928452
Bulgaria,2002,Median,7861942.5
Bulgaria,2003,Median,7804409.5
Bulgaria,2004,Median,7749430
Bulgaria,2005,Median,7695049.5
Bulgaria,2006,Median,7640294
Bulgaria,2007,Median,7586888
Bulgaria,2008,Median,7535591.5
Bulgaria,2009,Median,7488011.5
Bulgaria,2010,Median,7437598.5
Bulgaria,2011,Median,7380025
Bulgaria,2012,Median,7317013.5
Bulgaria,2013,Median,7264599.5
Bulgaria,2014,Median,7223449.5
Bulgaria,2015,Median,7177517
Bulgaria,2016,Median,7127434
Bulgaria,2017,Median,7075635.5
Bulgaria,2018,Median,7024745.5
Bulgaria,2019,Median,6975469
Bulgaria,2020,Median,6933652
Bulgaria,2021,Median,6877225.5
Bulgaria,2022,Median,6825864
Bulgaria,2023,Median,6795803
Bulgaria,2024,Median,6757688.5
Bulgaria,2025,Median,6714559.5
Bulgaria,2026,Median,6667659.5
Bulgaria,2027,Median,6617828
Bulgaria,2028,Median,6566018
Bulgaria,2029,Median,6512786
Bulgaria,2030,Median,6458243
Bulgaria,2031,Median,6403153
Bulgaria,2032,Median,6348398.5
Bulgaria,2033,Median,6293470
Bulgaria,2034,Median,6238211.5
Bulgaria,2035,Median,6183114
Bulgaria,2036,Median,6127669
Bulgaria,2037,Median,6071889.5
Bulgaria,2038,Median,6016846
Bulgaria,2039,Median,5962193
Bulgaria,2040,Median,5907728
Bulgaria,2041,Median,5854055.5
Bulgaria,2042,Median,5801386.5
Bulgaria,2043,Median,5749677
Bulgaria,2044,Median,5698613.5
Bulgaria,2045,Median,5648256
Bulgaria,2046,Median,5598424
Bulgaria,2047,Median,5548705
Bulgaria,2048,Median,5499404.5
Bulgaria,2049,Median,5450678.5
Bulgaria,2050,Median,5402216.5
Bulgaria,2051,Median,5354139
Bulgaria,2052,Median,5306433.5
Bulgaria,2053,Median,5258697
Bulgaria,2054,Median,5210895
Bulgaria,2055,Median,5163244
Bulgaria,2056,Median,5115852.5
Bulgaria,2057,Median,5068667.5
Bulgaria,2058,Median,5021579
Bulgaria,2059,Median,4974221.5
Bulgaria,2060,Median,4926388
Bulgaria,2061,Median,4878500.5
Bulgaria,2062,Median,4830916.5
Bulgaria,2063,Median,4783586.5
Bulgaria,2064,Median,4736305
Bulgaria,2065,Median,4689240
Bulgaria,2066,Median,4642625
Bulgaria,2067,Median,4596676.5
Bulgaria,2068,Median,4551628.5
Bulgaria,2069,Median,4507403.5
Bulgaria,2070,Median,4463711
Bulgaria,2071,Median,4420781.5
Bulgaria,2072,Median,4378825
Bulgaria,2073,Median,4337610.5
Bulgaria,2074,Median,4297012.5
Bulgaria,2075,Median,4257602.5
Bulgaria,2076,Median,4219621
Bulgaria,2077,Median,4182529.4999999995
Bulgaria,2078,Median,4146349.5000000005
Bulgaria,2079,Median,4111020.9999999995
Bulgaria,2080,Median,4076462.5
Bulgaria,2081,Median,4043363.5
Bulgaria,2082,Median,4011530
Bulgaria,2083,Median,3980550
Bulgaria,2084,Median,3950392
Bulgaria,2085,Median,3920958.5
Bulgaria,2086,Median,3892425.5
Bulgaria,2087,Median,3864743
Bulgaria,2088,Median,3837896
Bulgaria,2089,Median,3811654
Bulgaria,2090,Median,3785849.5
Bulgaria,2091,Median,3760385
Bulgaria,2092,Median,3735003
Bulgaria,2093,Median,3709665.5
Bulgaria,2094,Median,3684337
Bulgaria,2095,Median,3659087.5
Bulgaria,2096,Median,3633686.5
Bulgaria,2097,Median,3608077.5
Bulgaria,2098,Median,3582562.5
Bulgaria,2099,Median,3556978.5
Bulgaria,2100,Median,3531197.5
Croatia,1990,Median,4835065.5
Croatia,1991,Median,4825157
Croatia,1992,Median,4782232.5
Croatia,1993,Median,4729742.5
Croatia,1994,Median,4675514
Croatia,1995,Median,4619360
Croatia,1996,Median,4562299
Croatia,1997,Median,4504621
Croatia,1998,Median,4445667.5
Croatia,1999,Median,4385822
Croatia,2000,Median,4326104.5
Croatia,2001,Median,4301074.5
Croatia,2002,Median,4305781.5
Croatia,2003,Median,4306686
Croatia,2004,Median,4310055.5
Croatia,2005,Median,4313946
Croatia,2006,Median,4315800
Croatia,2007,Median,4315954.5
Croatia,2008,Median,4314630.5
Croatia,2009,Median,4310530.5
Croatia,2010,Median,4301145.5
Croatia,2011,Median,4280824
Croatia,2012,Median,4259236.5
Croatia,2013,Median,4242397.5
Croatia,2014,Median,4219479
Croatia,2015,Median,4183728.5
Croatia,2016,Median,4136443.5000000005
Croatia,2017,Median,4079200
Croatia,2018,Median,4024868
Croatia,2019,Median,3986334.5
Croatia,2020,Median,3953958
Croatia,2021,Median,3924610
Croatia,2022,Median,3907027
Croatia,2023,Median,3896023.5
Croatia,2024,Median,3875325
Croatia,2025,Median,3848160
Croatia,2026,Median,3822345
Croatia,2027,Median,3797352.5
Croatia,2028,Median,3773299.5
Croatia,2029,Median,3749592.5
Croatia,2030,Median,3725770
Croatia,2031,Median,3701679
Croatia,2032,Median,3677460
Croatia,2033,Median,3653761.5
Croatia,2034,Median,3630274
Croatia,2035,Median,3607215.5
Croatia,2036,Median,3584372
Croatia,2037,Median,3560763
Croatia,2038,Median,3536617.5
Croatia,2039,Median,3512498
Croatia,2040,Median,3488309
Croatia,2041,Median,3463774.5
Croatia,2042,Median,3438935.5
Croatia,2043,Median,3413958
Croatia,2044,Median,3388573.5
Croatia,2045,Median,3362953
Croatia,2046,Median,3337508.5
Croatia,2047,Median,3311884.5
Croatia,2048,Median,3286003.5
Croatia,2049,Median,3260126
Croatia,2050,Median,3234159.5
Croatia,2051,Median,3208228.5
Croatia,2052,Median,3182597.5
Croatia,2053,Median,3157017
Croatia,2054,Median,3131454.5
Croatia,2055,Median,3105971.5
Croatia,2056,Median,3080263.5
Croatia,2057,Median,3054624
Croatia,2058,Median,3029124.5
Croatia,2059,Median,3003643
Croatia,2060,Median,2978213
Croatia,2061,Median,2952807
Croatia,2062,Median,2927566.5
Croatia,2063,Median,2902532
Croatia,2064,Median,2878017
Croatia,2065,Median,2853838
Croatia,2066,Median,2829608.5
Croatia,2067,Median,2805558
Croatia,2068,Median,2781696
Croatia,2069,Median,2758151.5
Croatia,2070,Median,2735391.5
Croatia,2071,Median,2713022
Croatia,2072,Median,2690488
Croatia,2073,Median,2668169
Croatia,2074,Median,2646256
Croatia,2075,Median,2624398.5
Croatia,2076,Median,2602610
Croatia,2077,Median,2581029
Croatia,2078,Median,2559768
Croatia,2079,Median,2538841.5
Croatia,2080,Median,2518232.5
Croatia,2081,Median,2498025.5
Croatia,2082,Median,2478023
Croatia,2083,Median,2458209.5
Croatia,2084,Median,2438564
Croatia,2085,Median,2419111.5
Croatia,2086,Median,2399983
Croatia,2087,Median,2381091.5
Croatia,2088,Median,2362144
Croatia,2089,Median,2343166
Croatia,2090,Median,2324531
Croatia,2091,Median,2306029.5
Croatia,2092,Median,2287415.5
Croatia,2093,Median,2268883.5
Croatia,2094,Median,2250347.5
Croatia,2095,Median,2231788
Croatia,2096,Median,2213326.5
Croatia,2097,Median,2195109
Croatia,2098,Median,2177097.5
Croatia,2099,Median,2159169.5
Croatia,2100,Median,2141438.5
Cyprus,1990,Median,788350.5
Cyprus,1991,Median,798944
Cyprus,1992,Median,810340.5
Cyprus,1993,Median,826034.5
Cyprus,1994,Median,844667
Cyprus,1995,Median,862695
Cyprus,1996,Median,880290.5
Cyprus,1997,Median,897568
Cyprus,1998,Median,914548
Cyprus,1999,Median,931233.5
Cyprus,2000,Median,947666.5
Cyprus,2001,Median,964127
Cyprus,2002,Median,981440
Cyprus,2003,Median,999590
Cyprus,2004,Median,1017875.5
Cyprus,2005,Median,1036151.5
Cyprus,2006,Median,1054418
Cyprus,2007,Median,1072713.5
Cyprus,2008,Median,1091026.5
Cyprus,2009,Median,1109371
Cyprus,2010,Median,1127816.5
Cyprus,2011,Median,1146492.5
Cyprus,2012,Median,1165397
Cyprus,2013,Median,1183895
Cyprus,2014,Median,1201800.5
Cyprus,2015,Median,1219501.5
Cyprus,2016,Median,1237112.5
Cyprus,2017,Median,1254275.5
Cyprus,2018,Median,1270737.5
Cyprus,2019,Median,1286671.5
Cyprus,2020,Median,1302247.5
Cyprus,2021,Median,1317308.5
Cyprus,2022,Median,1331370
Cyprus,2023,Median,1344975.5
Cyprus,2024,Median,1358282
Cyprus,2025,Median,1370754
Cyprus,2026,Median,1382334.5
Cyprus,2027,Median,1393337
Cyprus,2028,Median,1403776.5
Cyprus,2029,Median,1413341
Cyprus,2030,Median,1422317.5
Cyprus,2031,Median,1430680
Cyprus,2032,Median,1438504
Cyprus,2033,Median,1445950
Cyprus,2034,Median,1452844
Cyprus,2035,Median,1459190.5
Cyprus,2036,Median,1465175
Cyprus,2037,Median,1470712
Cyprus,2038,Median,1475793.5
Cyprus,2039,Median,1480545
Cyprus,2040,Median,1484848.5
Cyprus,2041,Median,1488690.5
Cyprus,2042,Median,1492046
Cyprus,2043,Median,1494990
Cyprus,2044,Median,1497657.5
Cyprus,2045,Median,1500070
Cyprus,2046,Median,1502263
Cyprus,2047,Median,1504225
Cyprus,2048,Median,1505915
Cyprus,2049,Median,1507310
Cyprus,2050,Median,1508481.5
Cyprus,2051,Median,1509486
Cyprus,2052,Median,1509901
Cyprus,2053,Median,1509749.5
Cyprus,2054,Median,1509425.5
Cyprus,2055,Median,1509008.5
Cyprus,2056,Median,1508535
Cyprus,2057,Median,1507816
Cyprus,2058,Median,1506664.5
Cyprus,2059,Median,1505298
Cyprus,2060,Median,1503695
Cyprus,2061,Median,1501666.5
Cyprus,2062,Median,1498961.5
Cyprus,2063,Median,1495634.5
Cyprus,2064,Median,1492001.5
Cyprus,2065,Median,1487999.5
Cyprus,2066,Median,1483596.5
Cyprus,2067,Median,1478645.5
Cyprus,2068,Median,1473085
Cyprus,2069,Median,1467151.5
Cyprus,2070,Median,1460980.5
Cyprus,2071,Median,1454576.5
Cyprus,2072,Median,1447690.5
Cyprus,2073,Median,1440336.5
Cyprus,2074,Median,1432782
Cyprus,2075,Median,1425103.5
Cyprus,2076,Median,1417476
Cyprus,2077,Median,1409749
Cyprus,2078,Median,1401907.5
Cyprus,2079,Median,1394106.5
Cyprus,2080,Median,1386267.5
Cyprus,2081,Median,1378469
Cyprus,2082,Median,1370977
Cyprus,2083,Median,1363802.5
Cyprus,2084,Median,1356764
Cyprus,2085,Median,1349854
Cyprus,2086,Median,1343103.5
Cyprus,2087,Median,1336772.5
Cyprus,2088,Median,1330917
Cyprus,2089,Median,1325296.5
Cyprus,2090,Median,1319945.5
Cyprus,2091,Median,1314919.5
Cyprus,2092,Median,1310107.5
Cyprus,2093,Median,1305619.5
Cyprus,2094,Median,1301394.5
Cyprus,2095,Median,1297067.5
Cyprus,2096,Median,1292720
Cyprus,2097,Median,1288483
Cyprus,2098,Median,1284142.5
Cyprus,2099,Median,1279724.5
Cyprus,2100,Median,1275353
Czechia,1990,Median,10301988.5
Czechia,1991,Median,10304426.5
Czechia,1992,Median,10312448
Czechia,1993,Median,10320398
Czechia,1994,Median,10322329.5
Czechia,1995,Median,10312042.5
Czechia,1996,Median,10296128
Czechia,1997,Median,10280051
Czechia,1998,Median,10265426.5
Czechia,1999,Median,10251378
Czechia,2000,Median,10236804
Czechia,2001,Median,10231936
Czechia,2002,Median,10239468
Czechia,2003,Median,10248912
Czechia,2004,Median,10261449.5
Czechia,2005,Median,10280152.5
Czechia,2006,Median,10304588.5
Czechia,2007,Median,10337543
Czechia,2008,Median,10378292.5
Czechia,2009,Median,10420984.5
Czechia,2010,Median,10464035.5
Czechia,2011,Median,10495511
Czechia,2012,Median,10507335
Czechia,2013,Median,10511162.5
Czechia,2014,Median,10517225.5
Czechia,2015,Median,10524416.5
Czechia,2016,Median,10531948
Czechia,2017,Median,10541341.5
Czechia,2018,Median,10548937
Czechia,2019,Median,10554875
Czechia,2020,Median,10550129.5
Czechia,2021,Median,10530682.5
Czechia,2022,Median,10673213
Czechia,2023,Median,10809716
Czechia,2024,Median,10735859
Czechia,2025,Median,10609239.5
Czechia,2026,Median,10527780.5
Czechia,2027,Median,10505711
Czechia,2028,Median,10481069
Czechia,2029,Median,10453896
Czechia,2030,Median,10425089
Czechia,2031,Median,10394938
Czechia,2032,Median,10363594
Czechia,2033,Median,10331415.5
Czechia,2034,Median,10298788
Czechia,2035,Median,10265956
Czechia,2036,Median,10233376
Czechia,2037,Median,10200964
Czechia,2038,Median,10168993.5
Czechia,2039,Median,10137734.5
Czechia,2040,Median,10107225.5
Czechia,2041,Median,10077469
Czechia,2042,Median,10048354
Czechia,2043,Median,10020093.5
Czechia,2044,Median,9992437.5
Czechia,2045,Median,9965090
Czechia,2046,Median,9937605
Czechia,2047,Median,9910067.5
Czechia,2048,Median,9882453.5
Czechia,2049,Median,9854497.5
Czechia,2050,Median,9825543.5
Czechia,2051,Median,9795302
Czechia,2052,Median,9764010
Czechia,2053,Median,9731216
Czechia,2054,Median,9696472.5
Czechia,2055,Median,9659904
Czechia,2056,Median,9621583.5
Czechia,2057,Median,9581303.5
Czechia,2058,Median,9539418.5
Czechia,2059,Median,9496125.5
Czechia,2060,Median,9451249
Czechia,2061,Median,9404771
Czechia,2062,Median,9356975.5
Czechia,2063,Median,9308136.5
Czechia,2064,Median,9258793
Czechia,2065,Median,9209097.5
Czechia,2066,Median,9159545
Czechia,2067,Median,9111039.5
Czechia,2068,Median,9063721.5
Czechia,2069,Median,9017571
Czechia,2070,Median,8972727.5
Czechia,2071,Median,8929610
Czechia,2072,Median,8888325.5
Czechia,2073,Median,8849016.5
Czechia,2074,Median,8811824
Czechia,2075,Median,8776584.5
Czechia,2076,Median,8743463.5
Czechia,2077,Median,8712384
Czechia,2078,Median,8682783
Czechia,2079,Median,8654526
Czechia,2080,Median,8627728.5
Czechia,2081,Median,8602363
Czechia,2082,Median,8578316
Czechia,2083,Median,8555662.5
Czechia,2084,Median,8534108
Czechia,2085,Median,8513348.5
Czechia,2086,Median,8493107
Czechia,2087,Median,8473406.5
Czechia,2088,Median,8454703
Czechia,2089,Median,8436572
Czechia,2090,Median,8418482
Czechia,2091,Median,8400760
Czechia,2092,Median,8383251
Czechia,2093,Median,8365479.499999999
Czechia,2094,Median,8347323.5
Czechia,2095,Median,8328816.500000001
Czechia,2096,Median,8309700.000000001
Czechia,2097,Median,8290190.000000001
Czechia,2098,Median,8270345.499999999
Czechia,2099,Median,8249706.5
Czechia,2100,Median,8228075.500000001
Denmark,1990,Median,5141025
Denmark,1991,Median,5154344.5
Denmark,1992,Median,5171367
Denmark,1993,Median,5188637
Denmark,1994,Median,5206189.5
Denmark,1995,Median,5233360
Denmark,1996,Median,5263068
Denmark,1997,Median,5285035
Denmark,1998,Median,5304262
Denmark,1999,Median,5321809.5
Denmark,2000,Median,5339658.5
Denmark,2001,Median,5358828
Denmark,2002,Median,5375959
Denmark,2003,Median,5390620.5
Denmark,2004,Median,5404598
Denmark,2005,Median,5419554.5
Denmark,2006,Median,5437420
Denmark,2007,Median,5461607
Denmark,2008,Median,5493763.5
Denmark,2009,Median,5523173
Denmark,2010,Median,5547862.5
Denmark,2011,Median,5570849
Denmark,2012,Median,5591916.5
Denmark,2013,Median,5615332.5
Denmark,2014,Median,5643794
Denmark,2015,Median,5683701
Denmark,2016,Median,5728201
Denmark,2017,Median,5765168
Denmark,2018,Median,5793824.5
Denmark,2019,Median,5814618.5
Denmark,2020,Median,5831530
Denmark,2021,Median,5856776.5
Denmark,2022,Median,5902903.5
Denmark,2023,Median,5948136.5
Denmark,2024,Median,5977412
Denmark,2025,Median,6002507
Denmark,2026,Median,6023520.5
Denmark,2027,Median,6041442.5
Denmark,2028,Median,6057190
Denmark,2029,Median,6070613
Denmark,2030,Median,6081995
Denmark,2031,Median,6091944
Denmark,2032,Median,6100376
Denmark,2033,Median,6107586
Denmark,2034,Median,6114220
Denmark,2035,Median,6119805.5
Denmark,2036,Median,6124307.5
Denmark,2037,Median,6127824.5
Denmark,2038,Median,6130866
Denmark,2039,Median,6133191
Denmark,2040,Median,6134659
Denmark,2041,Median,6135556
Denmark,2042,Median,6135755
Denmark,2043,Median,6135680.5
Denmark,2044,Median,6135228.5
Denmark,2045,Median,6134655.5
Denmark,2046,Median,6133613.5
Denmark,2047,Median,6131865.5
Denmark,2048,Median,6129992.5
Denmark,2049,Median,6127737
Denmark,2050,Median,6124838
Denmark,2051,Median,6121371
Denmark,2052,Median,6117679
Denmark,2053,Median,6113506.5
Denmark,2054,Median,6108902
Denmark,2055,Median,6103884.5
Denmark,2056,Median,6098375.5
Denmark,2057,Median,6093057.5
Denmark,2058,Median,6088189
Denmark,2059,Median,6083422.5
Denmark,2060,Median,6078223.5
Denmark,2061,Median,6072976
Denmark,2062,Median,6067892
Denmark,2063,Median,6062958.5
Denmark,2064,Median,6058181
Denmark,2065,Median,6053335.5
Denmark,2066,Median,6049058.5
Denmark,2067,Median,6045432.5
Denmark,2068,Median,6042136
Denmark,2069,Median,6039219.5
Denmark,2070,Median,6036603
Denmark,2071,Median,6034389.5
Denmark,2072,Median,6032483
Denmark,2073,Median,6030139.5
Denmark,2074,Median,6027505.5
Denmark,2075,Median,6025042.5
Denmark,2076,Median,6022068
Denmark,2077,Median,6018848
Denmark,2078,Median,6015859
Denmark,2079,Median,6012543
Denmark,2080,Median,6008790
Denmark,2081,Median,6004852
Denmark,2082,Median,6000136
Denmark,2083,Median,5994230
Denmark,2084,Median,5987674.5
Denmark,2085,Median,5980590.5
Denmark,2086,Median,5973040
Denmark,2087,Median,5965214
Denmark,2088,Median,5957393
Denmark,2089,Median,5949368.5
Denmark,2090,Median,5940877.5
Denmark,2091,Median,5932462
Denmark,2092,Median,5924287.5
Denmark,2093,Median,5916280.5
Denmark,2094,Median,5908287
Denmark,2095,Median,5900524.5
Denmark,2096,Median,5893157
Denmark,2097,Median,5885653
Denmark,2098,Median,5878106
Denmark,2099,Median,5870624.5
Denmark,2100,Median,5863216
Estonia,1990,Median,1570303.5
Estonia,1991,Median,1565383.5
Estonia,1992,Median,1540212
Estonia,1993,Median,1504342
Estonia,1994,Median,1475714
Estonia,1995,Median,1452777
Estonia,1996,Median,1434651
Estonia,1997,Median,1421496
Estonia,1998,Median,1411202.5
Estonia,1999,Median,1403577.5
Estonia,2000,Median,1396997
Estonia,2001,Median,1388171.5
Estonia,2002,Median,1379435
Estonia,2003,Median,1370850
Estonia,2004,Median,1362676
Estonia,2005,Median,1354847.5
Estonia,2006,Median,1346880.5
Estonia,2007,Median,1340704.5
Estonia,2008,Median,1337074
Estonia,2009,Median,1334528.5
Estonia,2010,Median,1331448.5
Estonia,2011,Median,1327357.5
Estonia,2012,Median,1322616
Estonia,2013,Median,1317919.5
Estonia,2014,Median,1314452
Estonia,2015,Median,1314576
Estonia,2016,Median,1315849
Estonia,2017,Median,1317424.5
Estonia,2018,Median,1321964.5
Estonia,2019,Median,1326821.5
Estonia,2020,Median,1329669.5
Estonia,2021,Median,1331749.5
Estonia,2022,Median,1350091.5
Estonia,2023,Median,1367196
Estonia,2024,Median,1360546
Estonia,2025,Median,1344232
Estonia,2026,Median,1331062
Estonia,2027,Median,1323970.5
Estonia,2028,Median,1316863.5
Estonia,2029,Median,1309807
Estonia,2030,Median,1302772
Estonia,2031,Median,1295722
Estonia,2032,Median,1288715.5
Estonia,2033,Median,1281803
Estonia,2034,Median,1274975.5
Estonia,2035,Median,1268271
Estonia,2036,Median,1261704.5
Estonia,2037,Median,1255268.5
Estonia,2038,Median,1249008
Estonia,2039,Median,1242861.5
Estonia,2040,Median,1236787
Estonia,2041,Median,1230730.5
Estonia,2042,Median,1224641
Estonia,2043,Median,1218543.5
Estonia,2044,Median,1212393
Estonia,2045,Median,1206184
Estonia,2046,Median,1199947
Estonia,2047,Median,1193662
Estonia,2048,Median,1187355
Estonia,2049,Median,1180913.5
Estonia,2050,Median,1174267.5
Estonia,2051,Median,1167469
Estonia,2052,Median,1160575.5
Estonia,2053,Median,1153569.5
Estonia,2054,Median,1146428.5
Estonia,2055,Median,1139102.5
Estonia,2056,Median,1131588.5
Estonia,2057,Median,1123999.5
Estonia,2058,Median,1116279
Estonia,2059,Median,1108445.5
Estonia,2060,Median,1100465.5
Estonia,2061,Median,1092380
Estonia,2062,Median,1084304.5
Estonia,2063,Median,1076225
Estonia,2064,Median,1068136
Estonia,2065,Median,1060037
Estonia,2066,Median,1051981
Estonia,2067,Median,1043950.4999999999
Estonia,2068,Median,1035948.5
Estonia,2069,Median,1027979.4999999999
Estonia,2070,Median,1019985
Estonia,2071,Median,1012040.5
Estonia,2072,Median,1004219
Estonia,2073,Median,996487.5
Estonia,2074,Median,988844.5
Estonia,2075,Median,981338
Estonia,2076,Median,973940
Estonia,2077,Median,966574
Estonia,2078,Median,959256.5
Estonia,2079,Median,952044.5
Estonia,2080,Median,944963
Estonia,2081,Median,938035
Estonia,2082,Median,931201.5
Estonia,2083,Median,924401
Estonia,2084,Median,917657.5
Estonia,2085,Median,911080
Estonia,2086,Median,904700
Estonia,2087,Median,898464.5
Estonia,2088,Median,892458.5
Estonia,2089,Median,886626
Estonia,2090,Median,880860
Estonia,2091,Median,875205.5
Estonia,2092,Median,869653
Estonia,2093,Median,864109
Estonia,2094,Median,858584
Estonia,2095,Median,853067
Estonia,2096,Median,847502
Estonia,2097,Median,841994
Estonia,2098,Median,836560.5
Estonia,2099,Median,831071
Estonia,2100,Median,825503
Finland,1990,Median,4986575
Finland,1991,Median,5013880
Finland,1992,Median,5042148
Finland,1993,Median,5066590
Finland,1994,Median,5088458.5
Finland,1995,Median,5107922.5
Finland,1996,Median,5124716.5
Finland,1997,Median,5139925
Finland,1998,Median,5153548
Finland,1999,Median,5165516
Finland,2000,Median,5176201.5
Finland,2001,Median,5187971
Finland,2002,Median,5200546
Finland,2003,Median,5212955
Finland,2004,Median,5228148
Finland,2005,Median,5246082
Finland,2006,Median,5266246.5
Finland,2007,Median,5288710
Finland,2008,Median,5313377
Finland,2009,Median,5338856.5
Finland,2010,Median,5363350.5
Finland,2011,Median,5388241
Finland,2012,Median,5413971.5
Finland,2013,Median,5439053
Finland,2014,Median,5461684
Finland,2015,Median,5479717.5
Finland,2016,Median,5495469
Finland,2017,Median,5508396
Finland,2018,Median,5515736.5
Finland,2019,Median,5521759
Finland,2020,Median,5529612
Finland,2021,Median,5541075
Finland,2022,Median,5569299
Finland,2023,Median,5601185.5
Finland,2024,Median,5617310.5
Finland,2025,Median,5623329.5
Finland,2026,Median,5621738.5
Finland,2027,Median,5616000.5
Finland,2028,Median,5608806.5
Finland,2029,Median,5600775
Finland,2030,Median,5592051
Finland,2031,Median,5582720
Finland,2032,Median,5572883.5
Finland,2033,Median,5562635
Finland,2034,Median,5551884
Finland,2035,Median,5540655
Finland,2036,Median,5529046
Finland,2037,Median,5517114.5
Finland,2038,Median,5504992.5
Finland,2039,Median,5492753.5
Finland,2040,Median,5480522.5
Finland,2041,Median,5468300.5
Finland,2042,Median,5456015.5
Finland,2043,Median,5443570
Finland,2044,Median,5431000.5
Finland,2045,Median,5418350
Finland,2046,Median,5405569
Finland,2047,Median,5392605
Finland,2048,Median,5379285.5
Finland,2049,Median,5365645
Finland,2050,Median,5351645
Finland,2051,Median,5337089.5
Finland,2052,Median,5322065.5
Finland,2053,Median,5306876
Finland,2054,Median,5291382
Finland,2055,Median,5275464
Finland,2056,Median,5259379.5
Finland,2057,Median,5243486
Finland,2058,Median,5228230.5
Finland,2059,Median,5213221
Finland,2060,Median,5198126
Finland,2061,Median,5183361.5
Finland,2062,Median,5169009
Finland,2063,Median,5154810.5
Finland,2064,Median,5140663.5
Finland,2065,Median,5126561.5
Finland,2066,Median,5112850
Finland,2067,Median,5099552
Finland,2068,Median,5086193
Finland,2069,Median,5072904
Finland,2070,Median,5059521.5
Finland,2071,Median,5045910.5
Finland,2072,Median,5032175.5
Finland,2073,Median,5018156
Finland,2074,Median,5003707
Finland,2075,Median,4988993.5
Finland,2076,Median,4974014
Finland,2077,Median,4958820
Finland,2078,Median,4943719
Finland,2079,Median,4928465.5
Finland,2080,Median,4912824.5
Finland,2081,Median,4897042
Finland,2082,Median,4881287.5
Finland,2083,Median,4865750
Finland,2084,Median,4850461
Finland,2085,Median,4834930.5
Finland,2086,Median,4819064
Finland,2087,Median,4803144
Finland,2088,Median,4787440
Finland,2089,Median,4771964.5
Finland,2090,Median,4756416.5
Finland,2091,Median,4740889.5
Finland,2092,Median,4725621.5
Finland,2093,Median,4710432
Finland,2094,Median,4695268.5
Finland,2095,Median,4680087
Finland,2096,Median,4664817.5
Finland,2097,Median,4649382
Finland,2098,Median,4633581
Finland,2099,Median,4617546.5
Finland,2100,Median,4601058
France,1990,Median,56990238.5
France,1991,Median,57271565
France,1992,Median,57554870
France,1993,Median,57801266.5
France,1994,Median,57999866.5
France,1995,Median,58192203
France,1996,Median,58380641.5
France,1997,Median,58568660
France,1998,Median,58778816
France,1999,Median,59084210
France,2000,Median,59483716.5
France,2001,Median,59905127.5
France,2002,Median,60327248
France,2003,Median,60741125.5
France,2004,Median,61175246.5
France,2005,Median,61625032
France,2006,Median,62049837.5
France,2007,Median,62432439
France,2008,Median,62780190
France,2009,Median,63106463
France,2010,Median,63417362.5
France,2011,Median,63733777
France,2012,Median,64058465.5
France,2013,Median,64387734
France,2014,Median,64692492.5
France,2015,Median,64916336
France,2016,Median,65086855.5
France,2017,Median,65284776
France,2018,Median,65519542.5
France,2019,Median,65729459
France,2020,Median,65905277.5
France,2021,Median,66083547.5
France,2022,Median,66277408.50000001
France,2023,Median,66438822
France,2024,Median,66548530.49999999
France,2025,Median,66650804.5
France,2026,Median,66746400.5
France,2027,Median,66838261.49999999
France,2028,Median,66928636
France,2029,Median,67018329
France,2030,Median,67107691.00000001
France,2031,Median,67194855
France,2032,Median,67281979.5
France,2033,Median,67369321.5
France,2034,Median,67458149.5
France,2035,Median,67547945.5
France,2036,Median,67635315.5
France,2037,Median,67721110
France,2038,Median,67801926.5
France,2039,Median,67873403
France,2040,Median,67938904
France,2041,Median,68002575
France,2042,Median,68063860
France,2043,Median,68115786
France,2044,Median,68157082.5
France,2045,Median,68190954.5
France,2046,Median,68214672.5
France,2047,Median,68229077
France,2048,Median,68235289.5
France,2049,Median,68231375
France,2050,Median,68219675
France,2051,Median,68200254.5
France,2052,Median,68175770.5
France,2053,Median,68146931.5
France,2054,Median,68111014.5
France,2055,Median,68067631
France,2056,Median,68022156.5
France,2057,Median,67978669
France,2058,Median,67935849.5
France,2059,Median,67892952
France,2060,Median,67850294.5
France,2061,Median,67810557.5
France,2062,Median,67772616
France,2063,Median,67739664
France,2064,Median,67713647
France,2065,Median,67691804.5
France,2066,Median,67677299.5
France,2067,Median,67669051.5
France,2068,Median,67664280
France,2069,Median,67668109
France,2070,Median,67678905
France,2071,Median,67698397.5
France,2072,Median,67724513.5
France,2073,Median,67752339.5
France,2074,Median,67784584.5
France,2075,Median,67822261
France,2076,Median,67863936
France,2077,Median,67905318
France,2078,Median,67945204
France,2079,Median,67984811
France,2080,Median,68024937
France,2081,Median,68066815.5
France,2082,Median,68108439.5
France,2083,Median,68153316.5
France,2084,Median,68198942.5
France,2085,Median,68237653.5
France,2086,Median,68276452.5
France,2087,Median,68316291.5
France,2088,Median,68354444.5
France,2089,Median,68389693.5
France,2090,Median,68421882.5
France,2091,Median,68451045
France,2092,Median,68475278
France,2093,Median,68498700.5
France,2094,Median,68518865.5
France,2095,Median,68529647
France,2096,Median,68529526.5
France,2097,Median,68523856.5
France,2098,Median,68516588.5
France,2099,Median,68503747
France,2100,Median,68484558.5
Germany,1990,Median,79707959
Germany,1991,Median,80303196
Germany,1992,Median,80934898
Germany,1993,Median,81486772.5
Germany,1994,Median,81773616.5
Germany,1995,Median,82019890.5
Germany,1996,Median,82263189.5
Germany,1997,Median,82389638
Germany,1998,Median,82011939
Germany,1999,Median,81678287
Germany,2000,Median,81797258.5
Germany,2001,Median,81933884.5
Germany,2002,Median,82068326.5
Germany,2003,Median,82111615.5
Germany,2004,Median,82092708.5
Germany,2005,Median,82046730.5
Germany,2006,Median,81701971
Germany,2007,Median,81298542.5
Germany,2008,Median,81110776.5
Germany,2009,Median,80935283
Germany,2010,Median,80830924
Germany,2011,Median,80857873.5
Germany,2012,Median,80916390.5
Germany,2013,Median,81041581.5
Germany,2014,Median,81376080
Germany,2015,Median,82077550.5
Germany,2016,Median,82760102.5
Germany,2017,Median,83104007
Germany,2018,Median,83368505.5
Germany,2019,Median,83559186.5
Germany,2020,Median,83628708.5
Germany,2021,Median,83697082.5
Germany,2022,Median,84086227
Germany,2023,Median,84548231
Germany,2024,Median,84552242
Germany,2025,Median,84075074.5
Germany,2026,Median,83644258
Germany,2027,Median,83442705.5
Germany,2028,Median,83229082
Germany,2029,Median,83005443
Germany,2030,Median,82780953
Germany,2031,Median,82552437
Germany,2032,Median,82323676.5
Germany,2033,Median,82099756
Germany,2034,Median,81882649.5
Germany,2035,Median,81669909.5
Germany,2036,Median,81443393.5
Germany,2037,Median,81216896.5
Germany,2038,Median,80993996.5
Germany,2039,Median,80770009
Germany,2040,Median,80551736
Germany,2041,Median,80345656
Germany,2042,Median,80149109.5
Germany,2043,Median,79942135.5
Germany,2044,Median,79719613
Germany,2045,Median,79491795.5
Germany,2046,Median,79264457.5
Germany,2047,Median,79034280.5
Germany,2048,Median,78791084
Germany,2049,Median,78540887
Germany,2050,Median,78294613
Germany,2051,Median,78048437.5
Germany,2052,Median,77800877
Germany,2053,Median,77539860.5
Germany,2054,Median,77258786
Germany,2055,Median,76970313
Germany,2056,Median,76687002
Germany,2057,Median,76408118.5
Germany,2058,Median,76129111.5
Germany,2059,Median,75861386
Germany,2060,Median,75604604.5
Germany,2061,Median,75361467.5
Germany,2062,Median,75130987
Germany,2063,Median,74909565
Germany,2064,Median,74701727.5
Germany,2065,Median,74503017
Germany,2066,Median,74308692
Germany,2067,Median,74117861.5
Germany,2068,Median,73940351.5
Germany,2069,Median,73773328
Germany,2070,Median,73615845
Germany,2071,Median,73459601.5
Germany,2072,Median,73301600
Germany,2073,Median,73144650.5
Germany,2074,Median,72985141.5
Germany,2075,Median,72838464.5
Germany,2076,Median,72691189.5
Germany,2077,Median,72532967
Germany,2078,Median,72383094
Germany,2079,Median,72244177.5
Germany,2080,Median,72112513.5
Germany,2081,Median,71991202
Germany,2082,Median,71881429
Germany,2083,Median,71775295
Germany,2084,Median,71672976
Germany,2085,Median,71576211
Germany,2086,Median,71478456
Germany,2087,Median,71387347.5
Germany,2088,Median,71315949.5
Germany,2089,Median,71259003.5
Germany,2090,Median,71200405
Germany,2091,Median,71145640
Germany,2092,Median,71109273
Germany,2093,Median,71085836.5
Germany,2094,Median,71065763.5
Germany,2095,Median,71045888
Germany,2096,Median,71019877.5
Germany,2097,Median,70982925.5
Germany,2098,Median,70953019
Germany,2099,Median,70930781
Germany,2100,Median,70899863
Greece,1990,Median,10258487
Greece,1991,Median,10306644
Greece,1992,Median,10359894.5
Greece,1993,Median,10412750.5
Greece,1994,Median,10466259.5
Greece,1995,Median,10519234.5
Greece,1996,Median,10570080
Greece,1997,Median,10622325
Greece,1998,Median,10675409
Greece,1999,Median,10727950.5
Greece,2000,Median,10782635
Greece,2001,Median,10843163.5
Greece,2002,Median,10890285.5
Greece,2003,Median,10918471
Greece,2004,Median,10947365.5
Greece,2005,Median,10981333.5
Greece,2006,Median,11016103.5
Greece,2007,Median,11045736.5
Greece,2008,Median,11076872
Greece,2009,Median,11108069
Greece,2010,Median,11124670
Greece,2011,Median,11108843.5
Greece,2012,Median,11048297.5
Greece,2013,Median,10967540.5
Greece,2014,Median,10893166.5
Greece,2015,Median,10820902.5
Greece,2016,Median,10775504
Greece,2017,Median,10753533.5
Greece,2018,Median,10730843.5
Greece,2019,Median,10718575.5
Greece,2020,Median,10699369
Greece,2021,Median,10579561
Greece,2022,Median,10412480
Greece,2023,Median,10242908.5
Greece,2024,Median,10047816.5
Greece,2025,Median,9938844.5
Greece,2026,Median,9897115.5
Greece,2027,Median,9853974
Greece,2028,Median,9810275.5
Greece,2029,Median,9766171
Greece,2030,Median,9721983.5
Greece,2031,Median,9677617.5
Greece,2032,Median,9632155
Greece,2033,Median,9586436.5
Greece,2034,Median,9541530.5
Greece,2035,Median,9496499
Greece,2036,Median,9451669.5
Greece,2037,Median,9407248
Greece,2038,Median,9362891
Greece,2039,Median,9319061.5
Greece,2040,Median,9275613
Greece,2041,Median,9232316
Greece,2042,Median,9189700.5
Greece,2043,Median,9146979
Greece,2044,Median,9103014.5
Greece,2045,Median,9058324.5
Greece,2046,Median,9013149.5
Greece,2047,Median,8965702.5
Greece,2048,Median,8916114.5
Greece,2049,Median,8864825
Greece,2050,Median,8812069.5
Greece,2051,Median,8758041
Greece,2052,Median,8702191
Greece,2053,Median,8645289
Greece,2054,Median,8586703.5
Greece,2055,Median,8525854.5
Greece,2056,Median,8463443.5
Greece,2057,Median,8399726
Greece,2058,Median,8334856
Greece,2059,Median,8269088
Greece,2060,Median,8203169.5
Greece,2061,Median,8137063.5
Greece,2062,Median,8070504.5
Greece,2063,Median,8003997
Greece,2064,Median,7937788.5
Greece,2065,Median,7872405.5
Greece,2066,Median,7807286.5
Greece,2067,Median,7742011
Greece,2068,Median,7676981.5
Greece,2069,Median,7612995
Greece,2070,Median,7550900
Greece,2071,Median,7490956.5
Greece,2072,Median,7432740.5
Greece,2073,Median,7376240.5
Greece,2074,Median,7322165.5
Greece,2075,Median,7270681.5
Greece,2076,Median,7221257.5
Greece,2077,Median,7173180
Greece,2078,Median,7126986.5
Greece,2079,Median,7082979
Greece,2080,Median,7040432
Greece,2081,Median,6999572.5
Greece,2082,Median,6960242.5
Greece,2083,Median,6922342
Greece,2084,Median,6885327
Greece,2085,Median,6848239
Greece,2086,Median,6811560.5
Greece,2087,Median,6775730
Greece,2088,Median,6739996.5
Greece,2089,Median,6703488
Greece,2090,Median,6666803
Greece,2091,Median,6630481.5
Greece,2092,Median,6593820.5
Greece,2093,Median,6556381.5
Greece,2094,Median,6518143
Greece,2095,Median,6479055.5
Greece,2096,Median,6439150.5
Greece,2097,Median,6398564.5
Greece,2098,Median,6357749
Greece,2099,Median,6316794.5
Greece,2100,Median,6275576.5
Hungary,1990,Median,10381281
Hungary,1991,Median,10378176
Hungary,1992,Median,10371474
Hungary,1993,Median,10356870
Hungary,1994,Median,10339937
Hungary,1995,Median,10322788
Hungary,1996,Median,10302235
Hungary,1997,Median,10278601.5
Hungary,1998,Median,10251716.5
Hungary,1999,Median,10219795.5
Hungary,2000,Median,10190599.5
Hungary,2001,Median,10166690
Hungary,2002,Median,10138465.5
Hungary,2003,Median,10108963
Hungary,2004,Median,10085791
Hungary,2005,Median,10065706
Hungary,2006,Median,10049943
Hungary,2007,Median,10034081.5
Hungary,2008,Median,10016657
Hungary,2009,Median,10001378
Hungary,2010,Median,9979128.5
Hungary,2011,Median,9946676.5
Hungary,2012,Median,9916623
Hungary,2013,Median,9889346.5
Hungary,2014,Median,9862842
Hungary,2015,Median,9839211
Hungary,2016,Median,9810532
Hungary,2017,Median,9785604.5
Hungary,2018,Median,9774393.5
Hungary,2019,Median,9770346.5
Hungary,2020,Median,9749456.5
Hungary,2021,Median,9707849.5
Hungary,2022,Median,9684305.5
Hungary,2023,Median,9686463.5
Hungary,2024,Median,9676134.5
Hungary,2025,Median,9632287
Hungary,2026,Median,9585818
Hungary,2027,Median,9553241.5
Hungary,2028,Median,9519888
Hungary,2029,Median,9485106.5
Hungary,2030,Median,9449115
Hungary,2031,Median,9412405.5
Hungary,2032,Median,9375019
Hungary,2033,Median,9337096.5
Hungary,2034,Median,9298723.5
Hungary,2035,Median,9259903
Hungary,2036,Median,9221116.5
Hungary,2037,Median,9182265
Hungary,2038,Median,9143649
Hungary,2039,Median,9105459
Hungary,2040,Median,9067617
Hungary,2041,Median,9030575.5
Hungary,2042,Median,8994159.5
Hungary,2043,Median,8958564.5
Hungary,2044,Median,8923747
Hungary,2045,Median,8889214
Hungary,2046,Median,8855135
Hungary,2047,Median,8821749
Hungary,2048,Median,8789131
Hungary,2049,Median,8757036.5
Hungary,2050,Median,8725347
Hungary,2051,Median,8693973
Hungary,2052,Median,8662648.5
Hungary,2053,Median,8631347
Hungary,2054,Median,8599603.5
Hungary,2055,Median,8567294
Hungary,2056,Median,8534336
Hungary,2057,Median,8500956
Hungary,2058,Median,8467489
Hungary,2059,Median,8433026
Hungary,2060,Median,8397581
Hungary,2061,Median,8361838
Hungary,2062,Median,8325673.500000001
Hungary,2063,Median,8289212.5
Hungary,2064,Median,8252255.499999999
Hungary,2065,Median,8215198
Hungary,2066,Median,8179078.5
Hungary,2067,Median,8143847.5
Hungary,2068,Median,8109149
Hungary,2069,Median,8075227
Hungary,2070,Median,8042274
Hungary,2071,Median,8010392.5
Hungary,2072,Median,7979863
Hungary,2073,Median,7950790
Hungary,2074,Median,7923085
Hungary,2075,Median,7896838.5
Hungary,2076,Median,7872084.5
Hungary,2077,Median,7848702.5
Hungary,2078,Median,7826636
Hungary,2079,Median,7805375
Hungary,2080,Median,7784774
Hungary,2081,Median,7765072
Hungary,2082,Median,7746134.5
Hungary,2083,Median,7728008.5
Hungary,2084,Median,7710707.5
Hungary,2085,Median,7693491
Hungary,2086,Median,7676142
Hungary,2087,Median,7659361.5
Hungary,2088,Median,7643377.5
Hungary,2089,Median,7627608.5
Hungary,2090,Median,7612095.5
Hungary,2091,Median,7597025.5
Hungary,2092,Median,7582214.5
Hungary,2093,Median,7567305.5
Hungary,2094,Median,7552185.5
Hungary,2095,Median,7537199.5
Hungary,2096,Median,7522323
Hungary,2097,Median,7507567
Hungary,2098,Median,7492514.5
Hungary,2099,Median,7476780.5
Hungary,2100,Median,7460742.5
Ireland,1990,Median,3514018
Ireland,1991,Median,3534260
Ireland,1992,Median,3558421
Ireland,1993,Median,3576122
Ireland,1994,Median,3590156.5
Ireland,1995,Median,3610697
Ireland,1996,Median,3638509
Ireland,1997,Median,3672292.5
Ireland,1998,Median,3711073.5
Ireland,1999,Median,3752937.5
Ireland,2000,Median,3802585
Ireland,2001,Median,3862981
Ireland,2002,Median,3928443
Ireland,2003,Median,3992935
Ireland,2004,Median,4066064.5
Ireland,2005,Median,4155283.9999999995
Ireland,2006,Median,4268777.5
Ireland,2007,Median,4393513
Ireland,2008,Median,4485999.5
Ireland,2009,Median,4533752
Ireland,2010,Median,4559080
Ireland,2011,Median,4579602.5
Ireland,2012,Median,4600132
Ireland,2013,Median,4624686.5
Ireland,2014,Median,4658238.5
Ireland,2015,Median,4702487
Ireland,2016,Median,4753503
Ireland,2017,Median,4810260.5
Ireland,2018,Median,4872555.5
Ireland,2019,Median,4933491
Ireland,2020,Median,4982606.5
Ireland,2021,Median,5028425.5
Ireland,2022,Median,5110015.5
Ireland,2023,Median,5196630
Ireland,2024,Median,5255017.5
Ireland,2025,Median,5308039
Ireland,2026,Median,5356950
Ireland,2027,Median,5402888
Ireland,2028,Median,5446621
Ireland,2029,Median,5487473.5
Ireland,2030,Median,5525093.5
Ireland,2031,Median,5560659
Ireland,2032,Median,5595090
Ireland,2033,Median,5627707.5
Ireland,2034,Median,5658298
Ireland,2035,Median,5686868.5
Ireland,2036,Median,5714200.5
Ireland,2037,Median,5741479.5
Ireland,2038,Median,5768255.5
Ireland,2039,Median,5793365
Ireland,2040,Median,5817570
Ireland,2041,Median,5841486
Ireland,2042,Median,5863237.5
Ireland,2043,Median,5882468.5
Ireland,2044,Median,5900432.5
Ireland,2045,Median,5916936
Ireland,2046,Median,5930830
Ireland,2047,Median,5942851.5
Ireland,2048,Median,5954175.5
Ireland,2049,Median,5963613.5
Ireland,2050,Median,5970042
Ireland,2051,Median,5973837.5
Ireland,2052,Median,5976152.5
Ireland,2053,Median,5977055.5
Ireland,2054,Median,5976541
Ireland,2055,Median,5973921.5
Ireland,2056,Median,5970263.5
Ireland,2057,Median,5965128.5
Ireland,2058,Median,5956855
Ireland,2059,Median,5946215.5
Ireland,2060,Median,5933915.5
Ireland,2061,Median,5921729.5
Ireland,2062,Median,5910040
Ireland,2063,Median,5898066
Ireland,2064,Median,5884665.5
Ireland,2065,Median,5870132.5
Ireland,2066,Median,5855125.5
Ireland,2067,Median,5839786
Ireland,2068,Median,5824169
Ireland,2069,Median,5808103
Ireland,2070,Median,5791492.5
Ireland,2071,Median,5774752
Ireland,2072,Median,5758135
Ireland,2073,Median,5741398.5
Ireland,2074,Median,5724553.5
Ireland,2075,Median,5708189
Ireland,2076,Median,5692411
Ireland,2077,Median,5676939.5
Ireland,2078,Median,5661973.5
Ireland,2079,Median,5647277.5
Ireland,2080,Median,5633971.5
Ireland,2081,Median,5622558.5
Ireland,2082,Median,5610963
Ireland,2083,Median,5598162
Ireland,2084,Median,5584764.5
Ireland,2085,Median,5571102
Ireland,2086,Median,5557425
Ireland,2087,Median,5543233.5
Ireland,2088,Median,5527772
Ireland,2089,Median,5511287
Ireland,2090,Median,5493730.5
Ireland,2091,Median,5475498
Ireland,2092,Median,5457090
Ireland,2093,Median,5438247.5
Ireland,2094,Median,5418987
Ireland,2095,Median,5399259
Ireland,2096,Median,5378261.5
Ireland,2097,Median,5356070
Ireland,2098,Median,5333305.5
Ireland,2099,Median,5309954
Ireland,2100,Median,5286120
Italy,1990,Median,57031453.5
Italy,1991,Median,57075393.5
Italy,1992,Median,57124989.5
Italy,1993,Median,57170763.5
Italy,1994,Median,57420138
Italy,1995,Median,57403343.5
Italy,1996,Median,57162091.5
Italy,1997,Median,57189274.5
Italy,1998,Median,57215194.5
Italy,1999,Median,57240798.5
Italy,2000,Median,57272196.5
Italy,2001,Median,57305760.5
Italy,2002,Median,57420627.5
Italy,2003,Median,57739699
Italy,2004,Median,58176737.5
Italy,2005,Median,58519693
Italy,2006,Median,58754433
Italy,2007,Median,59108720
Italy,2008,Median,59561684
Italy,2009,Median,59904010.5
Italy,2010,Median,60164213
Italy,2011,Median,60367879.5
Italy,2012,Median,60531515
Italy,2013,Median,60653868.5
Italy,2014,Median,60664171.5
Italy,2015,Median,60575316
Italy,2016,Median,60478107.5
Italy,2017,Median,60390318
Italy,2018,Median,60277498.5
Italy,2019,Median,60130136
Italy,2020,Median,59912769
Italy,2021,Median,59729350
Italy,2022,Median,59619114.5
Italy,2023,Median,59499453
Italy,2024,Median,59342867
Italy,2025,Median,59146260
Italy,2026,Median,58926166.5
Italy,2027,Median,58688779
Italy,2028,Median,58445833
Italy,2029,Median,58201026
Italy,2030,Median,57946072
Italy,2031,Median,57680120
Italy,2032,Median,57416501
Italy,2033,Median,57156447.5
Italy,2034,Median,56890916.5
Italy,2035,Median,56620005.5
Italy,2036,Median,56348694
Italy,2037,Median,56074676
Italy,2038,Median,55796258
Italy,2039,Median,55511313.5
Italy,2040,Median,55221167.5
Italy,2041,Median,54931947
Italy,2042,Median,54635957.5
Italy,2043,Median,54323772
Italy,2044,Median,54004348
Italy,2045,Median,53680470.5
Italy,2046,Median,53346081.5
Italy,2047,Median,52998855
Italy,2048,Median,52640785
Italy,2049,Median,52273385
Italy,2050,Median,51891098.5
Italy,2051,Median,51499509
Italy,2052,Median,51102076.5
Italy,2053,Median,50692374
Italy,2054,Median,50271519
Italy,2055,Median,49842494
Italy,2056,Median,49401283
Italy,2057,Median,48952794
Italy,2058,Median,48499940.5
Italy,2059,Median,48042231.5
Italy,2060,Median,47584459.5
Italy,2061,Median,47127112.5
Italy,2062,Median,46670716.5
Italy,2063,Median,46222613.5
Italy,2064,Median,45784538.5
Italy,2065,Median,45352681.5
Italy,2066,Median,44931309
Italy,2067,Median,44524299.5
Italy,2068,Median,44126166
Italy,2069,Median,43734707.5
Italy,2070,Median,43353331.5
Italy,2071,Median,42986002
Italy,2072,Median,42631502.5
Italy,2073,Median,42288844
Italy,2074,Median,41958150.5
Italy,2075,Median,41641716.5
Italy,2076,Median,41341936
Italy,2077,Median,41053533
Italy,2078,Median,40772236
Italy,2079,Median,40495655.5
Italy,2080,Median,40225869.5
Italy,2081,Median,39963231.5
Italy,2082,Median,39704905
Italy,2083,Median,39452309
Italy,2084,Median,39203214
Italy,2085,Median,38955405.5
Italy,2086,Median,38713095
Italy,2087,Median,38472531
Italy,2088,Median,38231433
Italy,2089,Median,37989932.5
Italy,2090,Median,37748595
Italy,2091,Median,37511052
Italy,2092,Median,37272506
Italy,2093,Median,37035406.5
Italy,2094,Median,36801813.5
Italy,2095,Median,36565447.5
Italy,2096,Median,36327293.5
Italy,2097,Median,36088272.5
Italy,2098,Median,35851674
Italy,2099,Median,35615719.5
Italy,2100,Median,35376821.5
Latvia,1990,Median,2660131.5
Latvia,1991,Median,2648940
Latvia,1992,Median,2614826.5
Latvia,1993,Median,2563820
Latvia,1994,Median,2521233.5
Latvia,1995,Median,2485949
Latvia,1996,Median,2457905.5
Latvia,1997,Median,2433231
Latvia,1998,Median,2410209
Latvia,1999,Median,2390822
Latvia,2000,Median,2368312.5
Latvia,2001,Median,2338301
Latvia,2002,Median,2311351
Latvia,2003,Median,2288984
Latvia,2004,Median,2264174
Latvia,2005,Median,2239783.5
Latvia,2006,Median,2219032
Latvia,2007,Median,2200776
Latvia,2008,Median,2177711.5
Latvia,2009,Median,2142042.5
Latvia,2010,Median,2097831
Latvia,2011,Median,2059941.5
Latvia,2012,Median,2034633.5
Latvia,2013,Median,2013010
Latvia,2014,Median,1994149
Latvia,2015,Median,1977867
Latvia,2016,Median,1959863
Latvia,2017,Median,1942594
Latvia,2018,Median,1927588
Latvia,2019,Median,1914263
Latvia,2020,Median,1901123.5
Latvia,2021,Median,1885587
Latvia,2022,Median,1881063
Latvia,2023,Median,1882396
Latvia,2024,Median,1871871.5
Latvia,2025,Median,1853559
Latvia,2026,Median,1835934.5
Latvia,2027,Median,1821563.5
Latvia,2028,Median,1807071.5
Latvia,2029,Median,1792484
Latvia,2030,Median,1777619.5
Latvia,2031,Median,1762869
Latvia,2032,Median,1748390.5
Latvia,2033,Median,1734004
Latvia,2034,Median,1720001.5
Latvia,2035,Median,1706428.5
Latvia,2036,Median,1693021
Latvia,2037,Median,1679782.5
Latvia,2038,Median,1666727
Latvia,2039,Median,1653611
Latvia,2040,Median,1640644
Latvia,2041,Median,1627819.5
Latvia,2042,Median,1615152.5
Latvia,2043,Median,1602639
Latvia,2044,Median,1590088
Latvia,2045,Median,1577406
Latvia,2046,Median,1564718
Latvia,2047,Median,1552134.5
Latvia,2048,Median,1539435.5
Latvia,2049,Median,1526639.5
Latvia,2050,Median,1513810
Latvia,2051,Median,1501015
Latvia,2052,Median,1487829.5
Latvia,2053,Median,1474152
Latvia,2054,Median,1460316.5
Latvia,2055,Median,1446390.5
Latvia,2056,Median,1432313
Latvia,2057,Median,1418061
Latvia,2058,Median,1403844.5
Latvia,2059,Median,1389739.5
Latvia,2060,Median,1375625.5
Latvia,2061,Median,1361629
Latvia,2062,Median,1347858
Latvia,2063,Median,1334154
Latvia,2064,Median,1320438
Latvia,2065,Median,1306720.5
Latvia,2066,Median,1293273.5
Latvia,2067,Median,1280030.5
Latvia,2068,Median,1266843.5
Latvia,2069,Median,1253969.5
Latvia,2070,Median,1241358.5
Latvia,2071,Median,1228852.5
Latvia,2072,Median,1216583.5
Latvia,2073,Median,1204539
Latvia,2074,Median,1192535.5
Latvia,2075,Median,1180566
Latvia,2076,Median,1168727.5
Latvia,2077,Median,1157083.5
Latvia,2078,Median,1145572.5
Latvia,2079,Median,1134094
Latvia,2080,Median,1122748.5
Latvia,2081,Median,1111639.5
Latvia,2082,Median,1100734.5
Latvia,2083,Median,1089989
Latvia,2084,Median,1079451
Latvia,2085,Median,1069209.5
Latvia,2086,Median,1059151
Latvia,2087,Median,1049166
Latvia,2088,Median,1039328.5000000001
Latvia,2089,Median,1029663
Latvia,2090,Median,1020077.5
Latvia,2091,Median,1010524.5
Latvia,2092,Median,1001029
Latvia,2093,Median,991618
Latvia,2094,Median,982231.5
Latvia,2095,Median,972815
Latvia,2096,Median,963363
Latvia,2097,Median,953916.5
Latvia,2098,Median,944438
Latvia,2099,Median,934894.5
Latvia,2100,Median,925371
Lithuania,1990,Median,3695012.5
Lithuania,1991,Median,3701407.5
Lithuania,1992,Median,3697544.5
Lithuania,1993,Median,3680196.5
Lithuania,1994,Median,3654891
Lithuania,1995,Median,3627038
Lithuania,1996,Median,3599711.5
Lithuania,1997,Median,3573409
Lithuania,1998,Median,3547770.5
Lithuania,1999,Median,3522901.5
Lithuania,2000,Median,3500402
Lithuania,2001,Median,3473004
Lithuania,2002,Median,3444050.5
Lithuania,2003,Median,3415278
Lithuania,2004,Median,3376699
Lithuania,2005,Median,3322263
Lithuania,2006,Median,3269808
Lithuania,2007,Median,3231374
Lithuania,2008,Median,3198480.5
Lithuania,2009,Median,3163254
Lithuania,2010,Median,3097719.5
Lithuania,2011,Median,3028641.5
Lithuania,2012,Median,2988329.5
Lithuania,2013,Median,2958360.5
Lithuania,2014,Median,2933168
Lithuania,2015,Median,2905764
Lithuania,2016,Median,2869109.5
Lithuania,2017,Median,2829312.5
Lithuania,2018,Median,2802478
Lithuania,2019,Median,2795058
Lithuania,2020,Median,2795764.5
Lithuania,2021,Median,2794487.5
Lithuania,2022,Median,2816919.5
Lithuania,2023,Median,2854099
Lithuania,2024,Median,2859109.5
Lithuania,2025,Median,2830144.5
Lithuania,2026,Median,2797338
Lithuania,2027,Median,2774225.5
Lithuania,2028,Median,2751169.5
Lithuania,2029,Median,2728543
Lithuania,2030,Median,2706358
Lithuania,2031,Median,2684469.5
Lithuania,2032,Median,2662806
Lithuania,2033,Median,2641152.5
Lithuania,2034,Median,2619272.5
Lithuania,2035,Median,2597391.5
Lithuania,2036,Median,2575501
Lithuania,2037,Median,2553096.5
Lithuania,2038,Median,2530462
Lithuania,2039,Median,2507571.5
Lithuania,2040,Median,2484835
Lithuania,2041,Median,2462456
Lithuania,2042,Median,2439831.5
Lithuania,2043,Median,2416940
Lithuania,2044,Median,2394333
Lithuania,2045,Median,2372136.5
Lithuania,2046,Median,2349907.5
Lithuania,2047,Median,2327241.5
Lithuania,2048,Median,2304355.5
Lithuania,2049,Median,2281737.5
Lithuania,2050,Median,2258774
Lithuania,2051,Median,2235291
Lithuania,2052,Median,2211553.5
Lithuania,2053,Median,2187825.5
Lithuania,2054,Median,2164009
Lithuania,2055,Median,2139759
Lithuania,2056,Median,2115391.5
Lithuania,2057,Median,2091118
Lithuania,2058,Median,2066922.9999999998
Lithuania,2059,Median,2042816
Lithuania,2060,Median,2018844
Lithuania,2061,Median,1995248.5
Lithuania,2062,Median,1971968
Lithuania,2063,Median,1949084
Lithuania,2064,Median,1926552
Lithuania,2065,Median,1903850.5
Lithuania,2066,Median,1881175
Lithuania,2067,Median,1858811.5
Lithuania,2068,Median,1836706.5
Lithuania,2069,Median,1814678
Lithuania,2070,Median,1792884
Lithuania,2071,Median,1771446
Lithuania,2072,Median,1750199.5
Lithuania,2073,Median,1729087
Lithuania,2074,Median,1707775.5
Lithuania,2075,Median,1686322.5
Lithuania,2076,Median,1664955
Lithuania,2077,Median,1643650.5
Lithuania,2078,Median,1622387.5
Lithuania,2079,Median,1601171
Lithuania,2080,Median,1579986.5
Lithuania,2081,Median,1558790
Lithuania,2082,Median,1537665.5
Lithuania,2083,Median,1516734
Lithuania,2084,Median,1496074.5
Lithuania,2085,Median,1475573
Lithuania,2086,Median,1455415.5
Lithuania,2087,Median,1435623.5
Lithuania,2088,Median,1415934
Lithuania,2089,Median,1396578.5
Lithuania,2090,Median,1377668
Lithuania,2091,Median,1359111.5
Lithuania,2092,Median,1340912.5
Lithuania,2093,Median,1323187
Lithuania,2094,Median,1306015.5
Lithuania,2095,Median,1289080.5
Lithuania,2096,Median,1272407
Lithuania,2097,Median,1256182.5
Lithuania,2098,Median,1240218
Lithuania,2099,Median,1224404.5
Lithuania,2100,Median,1208675
Luxembourg,1990,Median,381700
Luxembourg,1991,Median,386817
Luxembourg,1992,Median,391963.5
Luxembourg,1993,Median,397200
Luxembourg,1994,Median,402590
Luxembourg,1995,Median,408227
Luxembourg,1996,Median,413776.5
Luxembourg,1997,Median,418968.5
Luxembourg,1998,Median,424154.5
Luxembourg,1999,Median,429897
Luxembourg,2000,Median,436132.5
Luxembourg,2001,Median,441751.5
Luxembourg,2002,Median,446388.5
Luxembourg,2003,Median,451838
Luxembourg,2004,Median,458295.5
Luxembourg,2005,Median,465363.5
Luxembourg,2006,Median,472866
Luxembourg,2007,Median,480270
Luxembourg,2008,Median,488990.5
Luxembourg,2009,Median,498186.5
Luxembourg,2010,Median,507410
Luxembourg,2011,Median,518583.99999999994
Luxembourg,2012,Median,530947.5
Luxembourg,2013,Median,543353.5
Luxembourg,2014,Median,556279
Luxembourg,2015,Median,569536
Luxembourg,2016,Median,583506
Luxembourg,2017,Median,596495.5
Luxembourg,2018,Median,608101
Luxembourg,2019,Median,620163
Luxembourg,2020,Median,630597
Luxembourg,2021,Median,640274
Luxembourg,2022,Median,653312.5
Luxembourg,2023,Median,665098
Luxembourg,2024,Median,673036
Luxembourg,2025,Median,680453.5
Luxembourg,2026,Median,687448.5
Luxembourg,2027,Median,694278
Luxembourg,2028,Median,701077
Luxembourg,2029,Median,707591
Luxembourg,2030,Median,713667
Luxembourg,2031,Median,719434
Luxembourg,2032,Median,725078
Luxembourg,2033,Median,730521
Luxembourg,2034,Median,735651
Luxembourg,2035,Median,740628.5
Luxembourg,2036,Median,745418
Luxembourg,2037,Median,749911
Luxembourg,2038,Median,754310.5
Luxembourg,2039,Median,758650.5
Luxembourg,2040,Median,762673
Luxembourg,2041,Median,766431.5
Luxembourg,2042,Median,770069.5
Luxembourg,2043,Median,773435
Luxembourg,2044,Median,776535
Luxembourg,2045,Median,779539
Luxembourg,2046,Median,782347
Luxembourg,2047,Median,784904
Luxembourg,2048,Median,787350.5
Luxembourg,2049,Median,789571
Luxembourg,2050,Median,791464
Luxembourg,2051,Median,793283
Luxembourg,2052,Median,794906
Luxembourg,2053,Median,796237.5
Luxembourg,2054,Median,797493
Luxembourg,2055,Median,798658
Luxembourg,2056,Median,799411.5
Luxembourg,2057,Median,799812
Luxembourg,2058,Median,800205
Luxembourg,2059,Median,800515
Luxembourg,2060,Median,800675
Luxembourg,2061,Median,800796.5
Luxembourg,2062,Median,800771
Luxembourg,2063,Median,800535.5
Luxembourg,2064,Median,800258
Luxembourg,2065,Median,799937.5
Luxembourg,2066,Median,799551
Luxembourg,2067,Median,799018
Luxembourg,2068,Median,798328.5
Luxembourg,2069,Median,797479.5
Luxembourg,2070,Median,796328.5
Luxembourg,2071,Median,795145.5
Luxembourg,2072,Median,793929
Luxembourg,2073,Median,792529.5
Luxembourg,2074,Median,791181.5
Luxembourg,2075,Median,789866.5
Luxembourg,2076,Median,788498.5
Luxembourg,2077,Median,787038
Luxembourg,2078,Median,785565
Luxembourg,2079,Median,784036.5
Luxembourg,2080,Median,782395
Luxembourg,2081,Median,780656.5
Luxembourg,2082,Median,778774.5
Luxembourg,2083,Median,777016
Luxembourg,2084,Median,775302
Luxembourg,2085,Median,773446
Luxembourg,2086,Median,771558.5
Luxembourg,2087,Median,769637.5
Luxembourg,2088,Median,767781.5
Luxembourg,2089,Median,766049.5
Luxembourg,2090,Median,764383.5
Luxembourg,2091,Median,762658
Luxembourg,2092,Median,761034.5
Luxembourg,2093,Median,759532
Luxembourg,2094,Median,757956
Luxembourg,2095,Median,756502
Luxembourg,2096,Median,755032
Luxembourg,2097,Median,753307
Luxembourg,2098,Median,751533
Luxembourg,2099,Median,749773.5
Luxembourg,2100,Median,747990.5
Malta,1990,Median,367908
Malta,1991,Median,371331.5
Malta,1992,Median,374794.5
Malta,1993,Median,378217
Malta,1994,Median,381454
Malta,1995,Median,384549.5
Malta,1996,Median,387624
Malta,1997,Median,390679
Malta,1998,Median,393774.5
Malta,1999,Median,396888.5
Malta,2000,Median,399895
Malta,2001,Median,402784.5
Malta,2002,Median,405564.5
Malta,2003,Median,408226.5
Malta,2004,Median,410797.5
Malta,2005,Median,413319.5
Malta,2006,Median,415454.5
Malta,2007,Median,417196.5
Malta,2008,Median,418969
Malta,2009,Median,420794.5
Malta,2010,Median,422650.5
Malta,2011,Median,424628.5
Malta,2012,Median,426610.5
Malta,2013,Median,428452.5
Malta,2014,Median,434484.5
Malta,2015,Median,444980.5
Malta,2016,Median,455269
Malta,2017,Median,467902.5
Malta,2018,Median,484557.5
Malta,2019,Median,504015.5
Malta,2020,Median,518206.5
Malta,2021,Median,524376.5
Malta,2022,Median,528192
Malta,2023,Median,532956
Malta,2024,Median,539607
Malta,2025,Median,545405
Malta,2026,Median,549011
Malta,2027,Median,550975
Malta,2028,Median,552704.5
Malta,2029,Median,554105.5
Malta,2030,Median,555231.5
Malta,2031,Median,556120
Malta,2032,Median,556776.5
Malta,2033,Median,557107.5
Malta,2034,Median,556971
Malta,2035,Median,556508
Malta,2036,Median,555881.5
Malta,2037,Median,555097.5
Malta,2038,Median,554105
Malta,2039,Median,552937.5
Malta,2040,Median,551735
Malta,2041,Median,550460
Malta,2042,Median,549118.5
Malta,2043,Median,547706
Malta,2044,Median,546198.5
Malta,2045,Median,544634
Malta,2046,Median,543000.5
Malta,2047,Median,541206.5
Malta,2048,Median,539339
Malta,2049,Median,537578.5
Malta,2050,Median,535721.5
Malta,2051,Median,533639
Malta,2052,Median,531486
Malta,2053,Median,529382
Malta,2054,Median,527344.5
Malta,2055,Median,525220.5
Malta,2056,Median,522957
Malta,2057,Median,520714.50000000006
Malta,2058,Median,518438.99999999994
Malta,2059,Median,515977.99999999994
Malta,2060,Median,513364.00000000006
Malta,2061,Median,510684.5
Malta,2062,Median,507861
Malta,2063,Median,504927.5
Malta,2064,Median,501905.5
Malta,2065,Median,498707.5
Malta,2066,Median,495360
Malta,2067,Median,491869.5
Malta,2068,Median,488205.5
Malta,2069,Median,484408.5
Malta,2070,Median,480568.5
Malta,2071,Median,476649
Malta,2072,Median,472614.5
Malta,2073,Median,468506
Malta,2074,Median,464339
Malta,2075,Median,460095.5
Malta,2076,Median,455646
Malta,2077,Median,451058
Malta,2078,Median,446498.5
Malta,2079,Median,441927.5
Malta,2080,Median,437323.5
Malta,2081,Median,432663
Malta,2082,Median,428050
Malta,2083,Median,423479
Malta,2084,Median,418920.5
Malta,2085,Median,414484.5
Malta,2086,Median,410087.5
Malta,2087,Median,405755.5
Malta,2088,Median,401639.5
Malta,2089,Median,397651
Malta,2090,Median,393681.5
Malta,2091,Median,389790.5
Malta,2092,Median,386056.5
Malta,2093,Median,382459.5
Malta,2094,Median,378909
Malta,2095,Median,375413
Malta,2096,Median,372094
Malta,2097,Median,368943.5
Malta,2098,Median,365881
Malta,2099,Median,362878
Malta,2100,Median,359931.5
Netherlands,1990,Median,15030878
Netherlands,1991,Median,15155090
Netherlands,1992,Median,15276785
Netherlands,1993,Median,15389720
Netherlands,1994,Median,15485449
Netherlands,1995,Median,15565032.5
Netherlands,1996,Median,15640027
Netherlands,1997,Median,15723622
Netherlands,1998,Median,15827107
Netherlands,1999,Median,15940184
Netherlands,2000,Median,16058759.5
Netherlands,2001,Median,16182705
Netherlands,2002,Median,16288051
Netherlands,2003,Median,16366912
Netherlands,2004,Median,16425565.5
Netherlands,2005,Median,16465710
Netherlands,2006,Median,16493851.5
Netherlands,2007,Median,16531357
Netherlands,2008,Median,16597258.000000002
Netherlands,2009,Median,16684150.000000002
Netherlands,2010,Median,16771235
Netherlands,2011,Median,16851057
Netherlands,2012,Median,16915193.5
Netherlands,2013,Median,16967063
Netherlands,2014,Median,17030088.5
Netherlands,2015,Median,17107433
Netherlands,2016,Median,17204693
Netherlands,2017,Median,17315370
Netherlands,2018,Median,17421279.5
Netherlands,2019,Median,17537507
Netherlands,2020,Median,17636731
Netherlands,2021,Median,17730563.5
Netherlands,2022,Median,17904421
Netherlands,2023,Median,18092524.5
Netherlands,2024,Median,18228741.5
Netherlands,2025,Median,18346819
Netherlands,2026,Median,18448775.5
Netherlands,2027,Median,18538017
Netherlands,2028,Median,18619097.5
Netherlands,2029,Median,18692512.5
Netherlands,2030,Median,18757217
Netherlands,2031,Median,18813964.5
Netherlands,2032,Median,18863760.5
Netherlands,2033,Median,18908217
Netherlands,2034,Median,18946182.5
Netherlands,2035,Median,18977352
Netherlands,2036,Median,19004539.5
Netherlands,2037,Median,19026567.5
Netherlands,2038,Median,19043263.5
Netherlands,2039,Median,19055408
Netherlands,2040,Median,19062983
Netherlands,2041,Median,19066147
Netherlands,2042,Median,19064875
Netherlands,2043,Median,19060464
Netherlands,2044,Median,19052666
Netherlands,2045,Median,19041974.5
Netherlands,2046,Median,19030540.5
Netherlands,2047,Median,19016273
Netherlands,2048,Median,18998732.5
Netherlands,2049,Median,18979462.5
Netherlands,2050,Median,18958475
Netherlands,2051,Median,18934376.5
Netherlands,2052,Median,18909117
Netherlands,2053,Median,18884311
Netherlands,2054,Median,18858186.5
Netherlands,2055,Median,18831090
Netherlands,2056,Median,18801740
Netherlands,2057,Median,18770838
Netherlands,2058,Median,18740761
Netherlands,2059,Median,18711794.5
Netherlands,2060,Median,18683350
Netherlands,2061,Median,18655388.5
Netherlands,2062,Median,18629643.5
Netherlands,2063,Median,18605904.5
Netherlands,2064,Median,18582979.5
Netherlands,2065,Median,18561279
Netherlands,2066,Median,18541467.5
Netherlands,2067,Median,18524712.5
Netherlands,2068,Median,18509437
Netherlands,2069,Median,18494005.5
Netherlands,2070,Median,18478454
Netherlands,2071,Median,18462958.5
Netherlands,2072,Median,18446838
Netherlands,2073,Median,18429276
Netherlands,2074,Median,18411117
Netherlands,2075,Median,18391537.5
Netherlands,2076,Median,18368106
Netherlands,2077,Median,18340784
Netherlands,2078,Median,18311972
Netherlands,2079,Median,18282172.5
Netherlands,2080,Median,18251350
Netherlands,2081,Median,18218893
Netherlands,2082,Median,18184063
Netherlands,2083,Median,18147837.5
Netherlands,2084,Median,18111023.5
Netherlands,2085,Median,18074357
Netherlands,2086,Median,18036255
Netherlands,2087,Median,17998307.5
Netherlands,2088,Median,17960227
Netherlands,2089,Median,17920220.5
Netherlands,2090,Median,17878905
Netherlands,2091,Median,17838038.5
Netherlands,2092,Median,17798797
Netherlands,2093,Median,17759141.5
Netherlands,2094,Median,17719668
Netherlands,2095,Median,17681341.5
Netherlands,2096,Median,17644610.5
Netherlands,2097,Median,17609469.5
Netherlands,2098,Median,17575440
Netherlands,2099,Median,17541909
Netherlands,2100,Median,17507517.5
Poland,1990,Median,38055455
Poland,1991,Median,38152947
Poland,1992,Median,38233640
Poland,1993,Median,38294881.5
Poland,1994,Median,38344312.5
Poland,1995,Median,38364667
Poland,1996,Median,38359170.5
Poland,1997,Median,38348310
Poland,1998,Median,38326436.5
Poland,1999,Median,38287712.5
Poland,2000,Median,38258071.5
Poland,2001,Median,38247356.5
Poland,2002,Median,38229408
Poland,2003,Median,38203524
Poland,2004,Median,38167572
Poland,2005,Median,38124379
Poland,2006,Median,38071167
Poland,2007,Median,38020421
Poland,2008,Median,37995902
Poland,2009,Median,38002155
Poland,2010,Median,38095351.5
Poland,2011,Median,38208642.5
Poland,2012,Median,38247867.5
Poland,2013,Median,38259262.5
Poland,2014,Median,38265113
Poland,2015,Median,38266314
Poland,2016,Median,38263265
Poland,2017,Median,38254958.5
Poland,2018,Median,38241070.5
Poland,2019,Median,38225884.5
Poland,2020,Median,38171012
Poland,2021,Median,38040301.5
Poland,2022,Median,38385739
Poland,2023,Median,38762843.5
Poland,2024,Median,38539201
Poland,2025,Median,38140909.5
Poland,2026,Median,37843188.5
Poland,2027,Median,37695020
Poland,2028,Median,37538256.5
Poland,2029,Median,37372274.5
Poland,2030,Median,37198542.5
Poland,2031,Median,37018012.5
Poland,2032,Median,36831176.5
Poland,2033,Median,36639819.5
Poland,2034,Median,36443899
Poland,2035,Median,36243787.5
Poland,2036,Median,36038936.5
Poland,2037,Median,35829756
Poland,2038,Median,35617022.5
Poland,2039,Median,35400130
Poland,2040,Median,35179553.5
Poland,2041,Median,34956334
Poland,2042,Median,34729708
Poland,2043,Median,34499249.5
Poland,2044,Median,34266473.5
Poland,2045,Median,34031059
Poland,2046,Median,33792870
Poland,2047,Median,33552186.999999996
Poland,2048,Median,33309095.500000004
Poland,2049,Median,33063235.500000004
Poland,2050,Median,32814096.5
Poland,2051,Median,32561485
Poland,2052,Median,32306331.5
Poland,2053,Median,32048060
Poland,2054,Median,31785805
Poland,2055,Median,31520111
Poland,2056,Median,31250569
Poland,2057,Median,30977834
Poland,2058,Median,30702323.5
Poland,2059,Median,30422635
Poland,2060,Median,30139158
Poland,2061,Median,29852068
Poland,2062,Median,29560836
Poland,2063,Median,29265319
Poland,2064,Median,28965167.5
Poland,2065,Median,28661471
Poland,2066,Median,28354483
Poland,2067,Median,28044401.5
Poland,2068,Median,27732016.5
Poland,2069,Median,27418153
Poland,2070,Median,27103555.5
Poland,2071,Median,26788405
Poland,2072,Median,26472932
Poland,2073,Median,26157701
Poland,2074,Median,25844144.5
Poland,2075,Median,25533666
Poland,2076,Median,25226489
Poland,2077,Median,24922265
Poland,2078,Median,24622711
Poland,2079,Median,24328047.5
Poland,2080,Median,24037703
Poland,2081,Median,23752655
Poland,2082,Median,23472816.5
Poland,2083,Median,23198842.5
Poland,2084,Median,22931401
Poland,2085,Median,22670483.5
Poland,2086,Median,22415539.5
Poland,2087,Median,22166289.5
Poland,2088,Median,21922659
Poland,2089,Median,21684893.5
Poland,2090,Median,21452557.5
Poland,2091,Median,21225016
Poland,2092,Median,21002066.5
Poland,2093,Median,20783173.5
Poland,2094,Median,20567784
Poland,2095,Median,20355965
Poland,2096,Median,20146818.5
Poland,2097,Median,19939806
Poland,2098,Median,19734944
Poland,2099,Median,19531649
Poland,2100,Median,19329838.5
Portugal,1990,Median,9989524
Portugal,1991,Median,9969176.5
Portugal,1992,Median,9960339.5
Portugal,1993,Median,9972341.5
Portugal,1994,Median,9998486.5
Portugal,1995,Median,10031750.5
Portugal,1996,Median,10067649
Portugal,1997,Median,10110551.5
Portugal,1998,Median,10159525.5
Portugal,1999,Median,10214871.5
Portugal,2000,Median,10283204.5
Portugal,2001,Median,10354324.5
Portugal,2002,Median,10413044
Portugal,2003,Median,10454245
Portugal,2004,Median,10481381.5
Portugal,2005,Median,10502993.5
Portugal,2006,Median,10524120
Portugal,2007,Median,10546824.5
Portugal,2008,Median,10564080.5
Portugal,2009,Median,10576267
Portugal,2010,Median,10578660
Portugal,2011,Median,10557052.5
Portugal,2012,Median,10513150
Portugal,2013,Median,10458297.5
Portugal,2014,Median,10406198.5
Portugal,2015,Median,10370267
Portugal,2016,Median,10346372
Portugal,2017,Median,10330844
Portugal,2018,Median,10325353
Portugal,2019,Median,10343213
Portugal,2020,Median,10370519
Portugal,2021,Median,10390955.5
Portugal,2022,Median,10417072.5
Portugal,2023,Median,10430738
Portugal,2024,Median,10425292.5
Portugal,2025,Median,10411833.5
Portugal,2026,Median,10395362.5
Portugal,2027,Median,10377980.5
Portugal,2028,Median,10358298.5
Portugal,2029,Median,10337466
Portugal,2030,Median,10317927
Portugal,2031,Median,10298430
Portugal,2032,Median,10277046
Portugal,2033,Median,10254658.5
Portugal,2034,Median,10231672
Portugal,2035,Median,10208240.5
Portugal,2036,Median,10184658
Portugal,2037,Median,10160794
Portugal,2038,Median,10136256
Portugal,2039,Median,10109982
Portugal,2040,Median,10082255.5
Portugal,2041,Median,10055045.5
Portugal,2042,Median,10028284
Portugal,2043,Median,9999540
Portugal,2044,Median,9969284
Portugal,2045,Median,9938389.5
Portugal,2046,Median,9906340
Portugal,2047,Median,9873439
Portugal,2048,Median,9840569.5
Portugal,2049,Median,9806137.5
Portugal,2050,Median,9770270.5
Portugal,2051,Median,9734815
Portugal,2052,Median,9698456.5
Portugal,2053,Median,9660593
Portugal,2054,Median,9622783
Portugal,2055,Median,9584725
Portugal,2056,Median,9546690.5
Portugal,2057,Median,9509703.5
Portugal,2058,Median,9471601
Portugal,2059,Median,9433240
Portugal,2060,Median,9395884.5
Portugal,2061,Median,9359410.5
Portugal,2062,Median,9323460.5
Portugal,2063,Median,9287297
Portugal,2064,Median,9251225.5
Portugal,2065,Median,9216440
Portugal,2066,Median,9183537.5
Portugal,2067,Median,9151646
Portugal,2068,Median,9119965.5
Portugal,2069,Median,9089207
Portugal,2070,Median,9060609.5
Portugal,2071,Median,9033657
Portugal,2072,Median,9009126
Portugal,2073,Median,8985902.5
Portugal,2074,Median,8962890.5
Portugal,2075,Median,8942124.5
Portugal,2076,Median,8923471.5
Portugal,2077,Median,8907083.5
Portugal,2078,Median,8892950.5
Portugal,2079,Median,8879963
Portugal,2080,Median,8868423.5
Portugal,2081,Median,8857978
Portugal,2082,Median,8848868.5
Portugal,2083,Median,8841732
Portugal,2084,Median,8835313.5
Portugal,2085,Median,8829356.5
Portugal,2086,Median,8824406
Portugal,2087,Median,8819026.5
Portugal,2088,Median,8813661.5
Portugal,2089,Median,8809077.5
Portugal,2090,Median,8804662.5
Portugal,2091,Median,8800534.5
Portugal,2092,Median,8795988.5
Portugal,2093,Median,8791063.5
Portugal,2094,Median,8786368
Portugal,2095,Median,8780287.5
Portugal,2096,Median,8773536
Portugal,2097,Median,8767898.5
Portugal,2098,Median,8763262
Portugal,2099,Median,8758703.5
Portugal,2100,Median,8753987
Romania,1990,Median,22939530
Romania,1991,Median,22947413.5
Romania,1992,Median,22912392.5
Romania,1993,Median,22842250.5
Romania,1994,Median,22756242.5
Romania,1995,Median,22657723
Romania,1996,Median,22541910
Romania,1997,Median,22411512.5
Romania,1998,Median,22284900.5
Romania,1999,Median,22166159
Romania,2000,Median,22046261.5
Romania,2001,Median,21919917.5
Romania,2002,Median,21770016.5
Romania,2003,Median,21593450.5
Romania,2004,Median,21403217.5
Romania,2005,Median,21213387.5
Romania,2006,Median,21035732.5
Romania,2007,Median,20870716
Romania,2008,Median,20718742
Romania,2009,Median,20576926.5
Romania,2010,Median,20432574
Romania,2011,Median,20282011
Romania,2012,Median,20158452.5
Romania,2013,Median,20062921
Romania,2014,Median,19968174
Romania,2015,Median,19871019.5
Romania,2016,Median,19777050.5
Romania,2017,Median,19689401.5
Romania,2018,Median,19597872
Romania,2019,Median,19501542
Romania,2020,Median,19392469
Romania,2021,Median,19248161
Romania,2022,Median,19166772.5
Romania,2023,Median,19118478.5
Romania,2024,Median,19015088
Romania,2025,Median,18908650.5
Romania,2026,Median,18800604.5
Romania,2027,Median,18691557.5
Romania,2028,Median,18581890
Romania,2029,Median,18471048
Romania,2030,Median,18359507
Romania,2031,Median,18247763
Romania,2032,Median,18135675
Romania,2033,Median,18022868.5
Romania,2034,Median,17909246
Romania,2035,Median,17794417
Romania,2036,Median,17678048
Romania,2037,Median,17561291
Romania,2038,Median,17443920.5
Romania,2039,Median,17326562
Romania,2040,Median,17209718
Romania,2041,Median,17091782
Romania,2042,Median,16973751
Romania,2043,Median,16856343.5
Romania,2044,Median,16738279.999999998
Romania,2045,Median,16620320
Romania,2046,Median,16502990.5
Romania,2047,Median,16384828.000000002
Romania,2048,Median,16265694.5
Romania,2049,Median,16146362
Romania,2050,Median,16027266.5
Romania,2051,Median,15907818
Romania,2052,Median,15786540
Romania,2053,Median,15664523
Romania,2054,Median,15541852
Romania,2055,Median,15416580.5
Romania,2056,Median,15288920.5
Romania,2057,Median,15160134
Romania,2058,Median,15030495.5
Romania,2059,Median,14899677.5
Romania,2060,Median,14768088
Romania,2061,Median,14635769
Romania,2062,Median,14502742.5
Romania,2063,Median,14370766
Romania,2064,Median,14240312.5
Romania,2065,Median,14110663.5
Romania,2066,Median,13983436.5
Romania,2067,Median,13859610.5
Romania,2068,Median,13738884.5
Romania,2069,Median,13620624.5
Romania,2070,Median,13504411.5
Romania,2071,Median,13390696.5
Romania,2072,Median,13279476
Romania,2073,Median,13171536.5
Romania,2074,Median,13066168.5
Romania,2075,Median,12962630
Romania,2076,Median,12861113
Romania,2077,Median,12761159
Romania,2078,Median,12662734.5
Romania,2079,Median,12565884.5
Romania,2080,Median,12470346
Romania,2081,Median,12376340.5
Romania,2082,Median,12284928
Romania,2083,Median,12195339.5
Romania,2084,Median,12106780
Romania,2085,Median,12019755
Romania,2086,Median,11933497
Romania,2087,Median,11848517
Romania,2088,Median,11764994.5
Romania,2089,Median,11681725.5
Romania,2090,Median,11598357
Romania,2091,Median,11515528
Romania,2092,Median,11433199
Romania,2093,Median,11350370
Romania,2094,Median,11267855.5
Romania,2095,Median,11185525.5
Romania,2096,Median,11102768
Romania,2097,Median,11019835
Romania,2098,Median,10936474.5
Romania,2099,Median,10852571.5
Romania,2100,Median,10768185
Slovakia,1990,Median,5266078
Slovakia,1991,Median,5284874
Slovakia,1992,Median,5306436
Slovakia,1993,Median,5326360
Slovakia,1994,Median,5343231
Slovakia,1995,Median,5354282
Slovakia,1996,Median,5362428.5
Slovakia,1997,Median,5369779.5
Slovakia,1998,Median,5374796
Slovakia,1999,Median,5378104
Slovakia,2000,Median,5379999
Slovakia,2001,Median,5379437
Slovakia,2002,Median,5377687.5
Slovakia,2003,Median,5376196
Slovakia,2004,Median,5376038.5
Slovakia,2005,Median,5376695
Slovakia,2006,Median,5376846
Slovakia,2007,Median,5376999
Slovakia,2008,Median,5379120.5
Slovakia,2009,Median,5385072.5
Slovakia,2010,Median,5391851
Slovakia,2011,Median,5398108.5
Slovakia,2012,Median,5404871
Slovakia,2013,Median,5410421.5
Slovakia,2014,Median,5415230.5
Slovakia,2015,Median,5420278
Slovakia,2016,Median,5427259
Slovakia,2017,Median,5435700.5
Slovakia,2018,Median,5443232
Slovakia,2019,Median,5450625.5
Slovakia,2020,Median,5455023.5
Slovakia,2021,Median,5442759
Slovakia,2022,Median,5473196.5
Slovakia,2023,Median,5518054.5
Slovakia,2024,Median,5506759.5
Slovakia,2025,Median,5474881
Slovakia,2026,Median,5451342
Slovakia,2027,Median,5441445
Slovakia,2028,Median,5429796
Slovakia,2029,Median,5416436
Slovakia,2030,Median,5401392.5
Slovakia,2031,Median,5384892
Slovakia,2032,Median,5367129.5
Slovakia,2033,Median,5348215.5
Slovakia,2034,Median,5328280
Slovakia,2035,Median,5307343
Slovakia,2036,Median,5285480
Slovakia,2037,Median,5262927.5
Slovakia,2038,Median,5239772.5
Slovakia,2039,Median,5216124.5
Slovakia,2040,Median,5192010
Slovakia,2041,Median,5167469.5
Slovakia,2042,Median,5142686
Slovakia,2043,Median,5117643
Slovakia,2044,Median,5092334.5
Slovakia,2045,Median,5066919.5
Slovakia,2046,Median,5041375.5
Slovakia,2047,Median,5015615
Slovakia,2048,Median,4989620.5
Slovakia,2049,Median,4963257.5
Slovakia,2050,Median,4936488
Slovakia,2051,Median,4909328.5
Slovakia,2052,Median,4881652
Slovakia,2053,Median,4853396.5
Slovakia,2054,Median,4824621.5
Slovakia,2055,Median,4795153
Slovakia,2056,Median,4764788.5
Slovakia,2057,Median,4733608
Slovakia,2058,Median,4701577.5
Slovakia,2059,Median,4668684.5
Slovakia,2060,Median,4635020.5
Slovakia,2061,Median,4600678.5
Slovakia,2062,Median,4565665.5
Slovakia,2063,Median,4530015.5
Slovakia,2064,Median,4493840.5
Slovakia,2065,Median,4457251
Slovakia,2066,Median,4420405.5
Slovakia,2067,Median,4383301.5
Slovakia,2068,Median,4345942.5
Slovakia,2069,Median,4308542
Slovakia,2070,Median,4271287.5
Slovakia,2071,Median,4234288.5
Slovakia,2072,Median,4197586.5
Slovakia,2073,Median,4161327.5000000005
Slovakia,2074,Median,4125693
Slovakia,2075,Median,4090676.5
Slovakia,2076,Median,4056328
Slovakia,2077,Median,4022728.5
Slovakia,2078,Median,3989986
Slovakia,2079,Median,3958104.5
Slovakia,2080,Median,3926992.5
Slovakia,2081,Median,3896685
Slovakia,2082,Median,3867209
Slovakia,2083,Median,3838505.5
Slovakia,2084,Median,3810537.5
Slovakia,2085,Median,3783276
Slovakia,2086,Median,3756697
Slovakia,2087,Median,3730808
Slovakia,2088,Median,3705542
Slovakia,2089,Median,3680765
Slovakia,2090,Median,3656440
Slovakia,2091,Median,3632534
Slovakia,2092,Median,3608978.5
Slovakia,2093,Median,3585745
Slovakia,2094,Median,3562765.5
Slovakia,2095,Median,3539974
Slovakia,2096,Median,3517357.5
Slovakia,2097,Median,3494822.5
Slovakia,2098,Median,3472278.5
Slovakia,2099,Median,3449757.5
Slovakia,2100,Median,3427216
Slovenia,1990,Median,1998007
Slovenia,1991,Median,1999193
Slovenia,1992,Median,1995858.5
Slovenia,1993,Median,1990810.5
Slovenia,1994,Median,1988262
Slovenia,1995,Median,1988095
Slovenia,1996,Median,1986793
Slovenia,1997,Median,1984397.5
Slovenia,1998,Median,1980064.5
Slovenia,1999,Median,1981194
Slovenia,2000,Median,1986816
Slovenia,2001,Median,1989679
Slovenia,2002,Median,1991571.5
Slovenia,2003,Median,1992490
Slovenia,2004,Median,1993545
Slovenia,2005,Median,1996913.5
Slovenia,2006,Median,2003114
Slovenia,2007,Median,2014157.5
Slovenia,2008,Median,2025085.5
Slovenia,2009,Median,2035608
Slovenia,2010,Median,2044612
Slovenia,2011,Median,2048804
Slovenia,2012,Median,2053321
Slovenia,2013,Median,2056441.5
Slovenia,2014,Median,2058400.5000000002
Slovenia,2015,Median,2059947
Slovenia,2016,Median,2061373
Slovenia,2017,Median,2062409.9999999998
Slovenia,2018,Median,2069480.5000000002
Slovenia,2019,Median,2083439.5
Slovenia,2020,Median,2102419.5
Slovenia,2021,Median,2113494
Slovenia,2022,Median,2115228
Slovenia,2023,Median,2118396
Slovenia,2024,Median,2118696.5
Slovenia,2025,Median,2117072
Slovenia,2026,Median,2114573.5
Slovenia,2027,Median,2111542.5
Slovenia,2028,Median,2107831.5
Slovenia,2029,Median,2103530
Slovenia,2030,Median,2098956
Slovenia,2031,Median,2094077.4999999998
Slovenia,2032,Median,2089052.4999999998
Slovenia,2033,Median,2083976
Slovenia,2034,Median,2078929.9999999998
Slovenia,2035,Median,2073835.5000000002
Slovenia,2036,Median,2068473.5
Slovenia,2037,Median,2062855.5000000002
Slovenia,2038,Median,2057382.9999999998
Slovenia,2039,Median,2052081.4999999998
Slovenia,2040,Median,2046763.5
Slovenia,2041,Median,2041315
Slovenia,2042,Median,2035404
Slovenia,2043,Median,2029194
Slovenia,2044,Median,2022815
Slovenia,2045,Median,2016282.5
Slovenia,2046,Median,2009695
Slovenia,2047,Median,2002984.5
Slovenia,2048,Median,1996179
Slovenia,2049,Median,1989122.5
Slovenia,2050,Median,1981553
Slovenia,2051,Median,1973639.5
Slovenia,2052,Median,1965352.5
Slovenia,2053,Median,1956748.5
Slovenia,2054,Median,1947892.5
Slovenia,2055,Median,1938686
Slovenia,2056,Median,1929351
Slovenia,2057,Median,1919741
Slovenia,2058,Median,1910149
Slovenia,2059,Median,1900568
Slovenia,2060,Median,1890545.5
Slovenia,2061,Median,1880530.5
Slovenia,2062,Median,1870785.5
Slovenia,2063,Median,1861182
Slovenia,2064,Median,1851458.5
Slovenia,2065,Median,1841738
Slovenia,2066,Median,1832381
Slovenia,2067,Median,1823323
Slovenia,2068,Median,1814229
Slovenia,2069,Median,1805081.5
Slovenia,2070,Median,1796292
Slovenia,2071,Median,1787912
Slovenia,2072,Median,1779811.5
Slovenia,2073,Median,1771777.5
Slovenia,2074,Median,1763893
Slovenia,2075,Median,1756477
Slovenia,2076,Median,1749462
Slovenia,2077,Median,1742744.5
Slovenia,2078,Median,1736137.5
Slovenia,2079,Median,1729788.5
Slovenia,2080,Median,1723704
Slovenia,2081,Median,1717878.5
Slovenia,2082,Median,1712446.5
Slovenia,2083,Median,1707190.5
Slovenia,2084,Median,1702106.5
Slovenia,2085,Median,1697209.5
Slovenia,2086,Median,1692338.5
Slovenia,2087,Median,1687588.5
Slovenia,2088,Median,1683089.5
Slovenia,2089,Median,1678711
Slovenia,2090,Median,1674271
Slovenia,2091,Median,1669929
Slovenia,2092,Median,1665752
Slovenia,2093,Median,1661540.5
Slovenia,2094,Median,1657346.5
Slovenia,2095,Median,1653167.5
Slovenia,2096,Median,1648954
Slovenia,2097,Median,1644670.5
Slovenia,2098,Median,1640464.5
Slovenia,2099,Median,1636334
Slovenia,2100,Median,1632030.5
Spain,1990,Median,39084979
Spain,1991,Median,39201759
Spain,1992,Median,39420345.5
Spain,1993,Median,39651621
Spain,1994,Median,39858720.5
Spain,1995,Median,40052737.5
Spain,1996,Median,40237372
Spain,1997,Median,40423826
Spain,1998,Median,40617440.5
Spain,1999,Median,40812856.5
Spain,2000,Median,41019774.5
Spain,2001,Median,41245599.5
Spain,2002,Median,41755704
Spain,2003,Median,42506543
Spain,2004,Median,43234566
Spain,2005,Median,43958885
Spain,2006,Median,44695447.5
Spain,2007,Median,45516507
Spain,2008,Median,46235054
Spain,2009,Median,46635180
Spain,2010,Median,46840471.5
Spain,2011,Median,46998042.5
Spain,2012,Median,47018322.5
Spain,2013,Median,46860389
Spain,2014,Median,46720187.5
Spain,2015,Median,46683686
Spain,2016,Median,46732771
Spain,2017,Median,46868595.5
Spain,2018,Median,47092821
Spain,2019,Median,47435119
Spain,2020,Median,47679489
Spain,2021,Median,47735663.5
Spain,2022,Median,47828382.5
Spain,2023,Median,47911579.5
Spain,2024,Median,47910526.5
Spain,2025,Median,47889958
Spain,2026,Median,47850792.5
Spain,2027,Median,47802271
Spain,2028,Median,47748566
Spain,2029,Median,47685764.5
Spain,2030,Median,47610519.5
Spain,2031,Median,47523489
Spain,2032,Median,47433522.5
Spain,2033,Median,47344055.5
Spain,2034,Median,47252139.5
Spain,2035,Median,47154196
Spain,2036,Median,47049469.5
Spain,2037,Median,46940809
Spain,2038,Median,46830185.5
Spain,2039,Median,46714654.5
Spain,2040,Median,46591674
Spain,2041,Median,46463105
Spain,2042,Median,46327609.5
Spain,2043,Median,46187923
Spain,2044,Median,46041010
Spain,2045,Median,45879964
Spain,2046,Median,45708980.5
Spain,2047,Median,45529637.5
Spain,2048,Median,45342101.5
Spain,2049,Median,45140662
Spain,2050,Median,44928557.5
Spain,2051,Median,44712279.5
Spain,2052,Median,44480747
Spain,2053,Median,44229847.5
Spain,2054,Median,43969185
Spain,2055,Median,43702732.5
Spain,2056,Median,43418722.5
Spain,2057,Median,43121616.5
Spain,2058,Median,42824437.5
Spain,2059,Median,42521116.5
Spain,2060,Median,42210838
Spain,2061,Median,41892752.5
Spain,2062,Median,41566222.5
Spain,2063,Median,41240291.5
Spain,2064,Median,40914110
Spain,2065,Median,40590376
Spain,2066,Median,40271850.5
Spain,2067,Median,39956629
Spain,2068,Median,39644110.5
Spain,2069,Median,39337025
Spain,2070,Median,39035769
Spain,2071,Median,38741025
Spain,2072,Median,38453573.5
Spain,2073,Median,38173658
Spain,2074,Median,37903808.5
Spain,2075,Median,37644621.5
Spain,2076,Median,37397887
Spain,2077,Median,37163397
Spain,2078,Median,36942005
Spain,2079,Median,36729337.5
Spain,2080,Median,36524535
Spain,2081,Median,36327926.5
Spain,2082,Median,36139448.5
Spain,2083,Median,35956990.5
Spain,2084,Median,35778725.5
Spain,2085,Median,35605149.5
Spain,2086,Median,35436926
Spain,2087,Median,35273592
Spain,2088,Median,35109160.5
Spain,2089,Median,34941503.5
Spain,2090,Median,34774237
Spain,2091,Median,34611809.5
Spain,2092,Median,34453467
Spain,2093,Median,34295239
Spain,2094,Median,34136023
Spain,2095,Median,33974156.5
Spain,2096,Median,33811182.5
Spain,2097,Median,33645991.5
Spain,2098,Median,33475731.5
Spain,2099,Median,33302992
Spain,2100,Median,33127478.499999996
Sweden,1990,Median,8558567.5
Sweden,1991,Median,8616959
Sweden,1992,Median,8667573.5
Sweden,1993,Median,8718036
Sweden,1994,Median,8780190
Sweden,1995,Median,8826302
Sweden,1996,Median,8840327.5
Sweden,1997,Median,8845524
Sweden,1998,Median,8850608.5
Sweden,1999,Median,8857686.5
Sweden,2000,Median,8872101
Sweden,2001,Median,8896021.5
Sweden,2002,Median,8925046.5
Sweden,2003,Median,8958431
Sweden,2004,Median,8993808.5
Sweden,2005,Median,9029770.5
Sweden,2006,Median,9080623
Sweden,2007,Median,9148274.5
Sweden,2008,Median,9219900
Sweden,2009,Median,9298740
Sweden,2010,Median,9378232
Sweden,2011,Median,9449259
Sweden,2012,Median,9519486.5
Sweden,2013,Median,9600620
Sweden,2014,Median,9696433.5
Sweden,2015,Median,9799481.5
Sweden,2016,Median,9923280
Sweden,2017,Median,10057861.5
Sweden,2018,Median,10175404.5
Sweden,2019,Median,10279125
Sweden,2020,Median,10353686.5
Sweden,2021,Median,10416131.5
Sweden,2022,Median,10487338
Sweden,2023,Median,10551494
Sweden,2024,Median,10606999
Sweden,2025,Median,10656633
Sweden,2026,Median,10701046.5
Sweden,2027,Median,10741250.5
Sweden,2028,Median,10778314
Sweden,2029,Median,10811698
Sweden,2030,Median,10841810.5
Sweden,2031,Median,10868793.5
Sweden,2032,Median,10894156
Sweden,2033,Median,10918929.5
Sweden,2034,Median,10942379
Sweden,2035,Median,10964977.5
Sweden,2036,Median,10987687
Sweden,2037,Median,11009963.5
Sweden,2038,Median,11031986.5
Sweden,2039,Median,11054788.5
Sweden,2040,Median,11078602
Sweden,2041,Median,11102631.5
Sweden,2042,Median,11127417.5
Sweden,2043,Median,11153136
Sweden,2044,Median,11178415
Sweden,2045,Median,11202872
Sweden,2046,Median,11226264.5
Sweden,2047,Median,11248722
Sweden,2048,Median,11270148
Sweden,2049,Median,11290348.5
Sweden,2050,Median,11309630.5
Sweden,2051,Median,11327101
Sweden,2052,Median,11341964
Sweden,2053,Median,11354210.5
Sweden,2054,Median,11363323.5
Sweden,2055,Median,11370581.5
Sweden,2056,Median,11376700.5
Sweden,2057,Median,11382048
Sweden,2058,Median,11386657
Sweden,2059,Median,11389727.5
Sweden,2060,Median,11391495.5
Sweden,2061,Median,11393221
Sweden,2062,Median,11394042
Sweden,2063,Median,11393809
Sweden,2064,Median,11394370.5
Sweden,2065,Median,11395217.5
Sweden,2066,Median,11395578
Sweden,2067,Median,11395993.5
Sweden,2068,Median,11397109
Sweden,2069,Median,11399737
Sweden,2070,Median,11403528
Sweden,2071,Median,11407852.5
Sweden,2072,Median,11412167
Sweden,2073,Median,11415484
Sweden,2074,Median,11418599.5
Sweden,2075,Median,11422318.5
Sweden,2076,Median,11426308
Sweden,2077,Median,11429271
Sweden,2078,Median,11431378
Sweden,2079,Median,11432678
Sweden,2080,Median,11431817
Sweden,2081,Median,11429898.5
Sweden,2082,Median,11426470
Sweden,2083,Median,11422092
Sweden,2084,Median,11417933
Sweden,2085,Median,11413014.5
Sweden,2086,Median,11406805.5
Sweden,2087,Median,11401224.5
Sweden,2088,Median,11397988
Sweden,2089,Median,11395186
Sweden,2090,Median,11392754
Sweden,2091,Median,11391064
Sweden,2092,Median,11389314.5
Sweden,2093,Median,11387347.5
Sweden,2094,Median,11385080.5
Sweden,2095,Median,11382279
Sweden,2096,Median,11379958.5
Sweden,2097,Median,11378533.5
Sweden,2098,Median,11375807.5
Sweden,2099,Median,11371733.5
Sweden,2100,Median,11366895.5
