Location,Time,Projection,Value
France,1990,Median,56990238.5
France,1991,Median,57271565
France,1992,Median,57554870
France,1993,Median,57801266.5
France,1994,Median,57999866.5
France,1995,Median,58192203
France,1996,Median,58380641.5
France,1997,Median,58568660
France,1998,Median,58778816
France,1999,Median,59084210
France,2000,Median,59483716.5
France,2001,Median,59905127.5
France,2002,Median,60327248
France,2003,Median,60741125.5
France,2004,Median,61175246.5
France,2005,Median,61625032
France,2006,Median,62049837.5
France,2007,Median,62432439
France,2008,Median,62780190
France,2009,Median,63106463
France,2010,Median,63417362.5
France,2011,Median,63733777
France,2012,Median,64058465.5
France,2013,Median,64387734
France,2014,Median,64692492.5
France,2015,Median,64916336
France,2016,Median,65086855.5
France,2017,Median,65284776
France,2018,Median,65519542.5
France,2019,Median,65729459
France,2020,Median,65905277.5
France,2021,Median,66083547.5
France,2022,Median,66277408.5
France,2023,Median,66438822
France,2024,Median,66548530.5
France,2025,Median,66650804.5
France,2026,Median,66746400.5
France,2027,Median,66838261.5
France,2028,Median,66928636
France,2029,Median,67018329
France,2030,Median,67107691
France,2031,Median,67194855
France,2032,Median,67281979.5
France,2033,Median,67369321.5
France,2034,Median,67458149.5
France,2035,Median,67547945.5
France,2036,Median,67635315.5
France,2037,Median,67721110
France,2038,Median,67801926.5
France,2039,Median,67873403
France,2040,Median,67938904
France,2041,Median,68002575
France,2042,Median,68063860
France,2043,Median,68115786
France,2044,Median,68157082.5
France,2045,Median,68190954.5
France,2046,Median,68214672.5
France,2047,Median,68229077
France,2048,Median,68235289.5
France,2049,Median,68231375
France,2050,Median,68219675
France,2051,Median,68200254.5
France,2052,Median,68175770.5
France,2053,Median,68146931.5
France,2054,Median,68111014.5
France,2055,Median,68067631
France,2056,Median,68022156.5
France,2057,Median,67978669
France,2058,Median,67935849.5
France,2059,Median,67892952
France,2060,Median,67850294.5
France,2061,Median,67810557.5
France,2062,Median,67772616
France,2063,Median,67739664
France,2064,Median,67713647
France,2065,Median,67691804.5
France,2066,Median,67677299.5
France,2067,Median,67669051.5
France,2068,Median,67664280
France,2069,Median,67668109
France,2070,Median,67678905
France,2071,Median,67698397.5
France,2072,Median,67724513.5
France,2073,Median,67752339.5
France,2074,Median,67784584.5
France,2075,Median,67822261
France,2076,Median,67863936
France,2077,Median,67905318
France,2078,Median,67945204
France,2079,Median,67984811
France,2080,Median,68024937
France,2081,Median,68066815.5
France,2082,Median,68108439.5
France,2083,Median,68153316.5
France,2084,Median,68198942.5
France,2085,Median,68237653.5
France,2086,Median,68276452.5
France,2087,Median,68316291.5
France,2088,Median,68354444.5
France,2089,Median,68389693.5
France,2090,Median,68421882.5
France,2091,Median,68451045
France,2092,Median,68475278
France,2093,Median,68498700.5
France,2094,Median,68518865.5
France,2095,Median,68529647
France,2096,Median,68529526.5
France,2097,Median,68523856.5
France,2098,Median,68516588.5
France,2099,Median,68503747
France,2100,Median,68484558.5
Germany,1990,Median,79707959
Germany,1991,Median,80303196
Germany,1992,Median,80934898
Germany,1993,Median,81486772.5
Germany,1994,Median,81773616.5
Germany,1995,Median,82019890.5
Germany,1996,Median,82263189.5
Germany,1997,Median,82389638
Germany,1998,Median,82011939
Germany,1999,Median,81678287
Germany,2000,Median,81797258.5
Germany,2001,Median,81933884.5
Germany,2002,Median,82068326.5
Germany,2003,Median,82111615.5
Germany,2004,Median,82092708.5
Germany,2005,Median,82046730.5
Germany,2006,Median,81701971
Germany,2007,Median,81298542.5
Germany,2008,Median,81110776.5
Germany,2009,Median,80935283
Germany,2010,Median,80830924
Germany,2011,Median,80857873.5
Germany,2012,Median,80916390.5
Germany,2013,Median,81041581.5
Germany,2014,Median,81376080
Germany,2015,Median,82077550.5
Germany,2016,Median,82760102.5
Germany,2017,Median,83104007
Germany,2018,Median,83368505.5
Germany,2019,Median,83559186.5
Germany,2020,Median,83628708.5
Germany,2021,Median,83697082.5
Germany,2022,Median,84086227
Germany,2023,Median,84548231
Germany,2024,Median,84552242
Germany,2025,Median,84075074.5
Germany,2026,Median,83644258
Germany,2027,Median,83442705.5
Germany,2028,Median,83229082
Germany,2029,Median,83005443
Germany,2030,Median,82780953
Germany,2031,Median,82552437
Germany,2032,Median,82323676.5
Germany,2033,Median,82099756
Germany,2034,Median,81882649.5
Germany,2035,Median,81669909.5
Germany,2036,Median,81443393.5
Germany,2037,Median,81216896.5
Germany,2038,Median,80993996.5
Germany,2039,Median,80770009
Germany,2040,Median,80551736
Germany,2041,Median,80345656
Germany,2042,Median,80149109.5
Germany,2043,Median,79942135.5
Germany,2044,Median,79719613
Germany,2045,Median,79491795.5
Germany,2046,Median,79264457.5
Germany,2047,Median,79034280.5
Germany,2048,Median,78791084
Germany,2049,Median,78540887
Germany,2050,Median,78294613
Germany,2051,Median,78048437.5
Germany,2052,Median,77800877
Germany,2053,Median,77539860.5
Germany,2054,Median,77258786
Germany,2055,Median,76970313
Germany,2056,Median,76687002
Germany,2057,Median,76408118.5
Germany,2058,Median,76129111.5
Germany,2059,Median,75861386
Germany,2060,Median,75604604.5
Germany,2061,Median,75361467.5
Germany,2062,Median,75130987
Germany,2063,Median,74909565
Germany,2064,Median,74701727.5
Germany,2065,Median,74503017
Germany,2066,Median,74308692
Germany,2067,Median,74117861.5
Germany,2068,Median,73940351.5
Germany,2069,Median,73773328
Germany,2070,Median,73615845
Germany,2071,Median,73459601.5
Germany,2072,Median,73301600
Germany,2073,Median,73144650.5
Germany,2074,Median,72985141.5
Germany,2075,Median,72838464.5
Germany,2076,Median,72691189.5
Germany,2077,Median,72532967
Germany,2078,Median,72383094
Germany,2079,Median,72244177.5
Germany,2080,Median,72112513.5
Germany,2081,Median,71991202
Germany,2082,Median,71881429
Germany,2083,Median,71775295
Germany,2084,Median,71672976
Germany,2085,Median,71576211
Germany,2086,Median,71478456
Germany,2087,Median,71387347.5
Germany,2088,Median,71315949.5
Germany,2089,Median,71259003.5
Germany,2090,Median,71200405
Germany,2091,Median,71145640
Germany,2092,Median,71109273
Germany,2093,Median,71085836.5
Germany,2094,Median,71065763.5
Germany,2095,Median,71045888
Germany,2096,Median,71019877.5
Germany,2097,Median,70982925.5
Germany,2098,Median,70953019
Germany,2099,Median,70930781
Germany,2100,Median,70899863
Italy,1990,Median,57031453.5
Italy,1991,Median,57075393.5
Italy,1992,Median,57124989.5
Italy,1993,Median,57170763.5
Italy,1994,Median,57420138
Italy,1995,Median,57403343.5
Italy,1996,Median,57162091.5
Italy,1997,Median,57189274.5
Italy,1998,Median,57215194.5
Italy,1999,Median,57240798.5
Italy,2000,Median,57272196.5
Italy,2001,Median,57305760.5
Italy,2002,Median,57420627.5
Italy,2003,Median,57739699
Italy,2004,Median,58176737.5
Italy,2005,Median,58519693
Italy,2006,Median,58754433
Italy,2007,Median,59108720
Italy,2008,Median,59561684
Italy,2009,Median,59904010.5
Italy,2010,Median,60164213
Italy,2011,Median,60367879.5
Italy,2012,Median,60531515
Italy,2013,Median,60653868.5
Italy,2014,Median,60664171.5
Italy,2015,Median,60575316
Italy,2016,Median,60478107.5
Italy,2017,Median,60390318
Italy,2018,Median,60277498.5
Italy,2019,Median,60130136
Italy,2020,Median,59912769
Italy,2021,Median,59729350
Italy,2022,Median,59619114.5
Italy,2023,Median,59499453
Italy,2024,Median,59342867
Italy,2025,Median,59146260
Italy,2026,Median,58926166.5
Italy,2027,Median,58688779
Italy,2028,Median,58445833
Italy,2029,Median,58201026
Italy,2030,Median,57946072
Italy,2031,Median,57680120
Italy,2032,Median,57416501
Italy,2033,Median,57156447.5
Italy,2034,Median,56890916.5
Italy,2035,Median,56620005.5
Italy,2036,Median,56348694
Italy,2037,Median,56074676
Italy,2038,Median,55796258
Italy,2039,Median,55511313.5
Italy,2040,Median,55221167.5
Italy,2041,Median,54931947
Italy,2042,Median,54635957.5
Italy,2043,Median,54323772
Italy,2044,Median,54004348
Italy,2045,Median,53680470.5
Italy,2046,Median,53346081.5
Italy,2047,Median,52998855
Italy,2048,Median,52640785
Italy,2049,Median,52273385
Italy,2050,Median,51891098.5
Italy,2051,Median,51499509
Italy,2052,Median,51102076.5
Italy,2053,Median,50692374
Italy,2054,Median,50271519
Italy,2055,Median,49842494
Italy,2056,Median,49401283
Italy,2057,Median,48952794
Italy,2058,Median,48499940.5
Italy,2059,Median,48042231.5
Italy,2060,Median,47584459.5
Italy,2061,Median,47127112.5
Italy,2062,Median,46670716.5
Italy,2063,Median,46222613.5
Italy,2064,Median,45784538.5
Italy,2065,Median,45352681.5
Italy,2066,Median,44931309
Italy,2067,Median,44524299.5
Italy,2068,Median,44126166
Italy,2069,Median,43734707.5
Italy,2070,Median,43353331.5
Italy,2071,Median,42986002
Italy,2072,Median,42631502.5
Italy,2073,Median,42288844
Italy,2074,Median,41958150.5
Italy,2075,Median,41641716.5
Italy,2076,Median,41341936
Italy,2077,Median,41053533
Italy,2078,Median,40772236
Italy,2079,Median,40495655.5
Italy,2080,Median,40225869.5
Italy,2081,Median,39963231.5
Italy,2082,Median,39704905
Italy,2083,Median,39452309
Italy,2084,Median,39203214
Italy,2085,Median,38955405.5
Italy,2086,Median,38713095
Italy,2087,Median,38472531
Italy,2088,Median,38231433
Italy,2089,Median,37989932.5
Italy,2090,Median,37748595
Italy,2091,Median,37511052
Italy,2092,Median,37272506
Italy,2093,Median,37035406.5
Italy,2094,Median,36801813.5
Italy,2095,Median,36565447.5
Italy,2096,Median,36327293.5
Italy,2097,Median,36088272.5
Italy,2098,Median,35851674
Italy,2099,Median,35615719.5
Italy,2100,Median,35376821.5
Spain,1990,Median,39084979
Spain,1991,Median,39201759
Spain,1992,Median,39420345.5
Spain,1993,Median,39651621
Spain,1994,Median,39858720.5
Spain,1995,Median,40052737.5
Spain,1996,Median,40237372
Spain,1997,Median,40423826
Spain,1998,Median,40617440.5
Spain,1999,Median,40812856.5
Spain,2000,Median,41019774.5
Spain,2001,Median,41245599.5
Spain,2002,Median,41755704
Spain,2003,Median,42506543
Spain,2004,Median,43234566
Spain,2005,Median,43958885
Spain,2006,Median,44695447.5
Spain,2007,Median,45516507
Spain,2008,Median,46235054
Spain,2009,Median,46635180
Spain,2010,Median,46840471.5
Spain,2011,Median,46998042.5
Spain,2012,Median,47018322.5
Spain,2013,Median,46860389
Spain,2014,Median,46720187.5
Spain,2015,Median,46683686
Spain,2016,Median,46732771
Spain,2017,Median,46868595.5
Spain,2018,Median,47092821
Spain,2019,Median,47435119
Spain,2020,Median,47679489
Spain,2021,Median,47735663.5
Spain,2022,Median,47828382.5
Spain,2023,Median,47911579.5
Spain,2024,Median,47910526.5
Spain,2025,Median,47889958
Spain,2026,Median,47850792.5
Spain,2027,Median,47802271
Spain,2028,Median,47748566
Spain,2029,Median,47685764.5
Spain,2030,Median,47610519.5
Spain,2031,Median,47523489
Spain,2032,Median,47433522.5
Spain,2033,Median,47344055.5
Spain,2034,Median,47252139.5
Spain,2035,Median,47154196
Spain,2036,Median,47049469.5
Spain,2037,Median,46940809
Spain,2038,Median,46830185.5
Spain,2039,Median,46714654.5
Spain,2040,Median,46591674
Spain,2041,Median,46463105
Spain,2042,Median,46327609.5
Spain,2043,Median,46187923
Spain,2044,Median,46041010
Spain,2045,Median,45879964
Spain,2046,Median,45708980.5
Spain,2047,Median,45529637.5
Spain,2048,Median,45342101.5
Spain,2049,Median,45140662
Spain,2050,Median,44928557.5
Spain,2051,Median,44712279.5
Spain,2052,Median,44480747
Spain,2053,Median,44229847.5
Spain,2054,Median,43969185
Spain,2055,Median,43702732.5
Spain,2056,Median,43418722.5
Spain,2057,Median,43121616.5
Spain,2058,Median,42824437.5
Spain,2059,Median,42521116.5
Spain,2060,Median,42210838
Spain,2061,Median,41892752.5
Spain,2062,Median,41566222.5
Spain,2063,Median,41240291.5
Spain,2064,Median,40914110
Spain,2065,Median,40590376
Spain,2066,Median,40271850.5
Spain,2067,Median,39956629
Spain,2068,Median,39644110.5
Spain,2069,Median,39337025
Spain,2070,Median,39035769
Spain,2071,Median,38741025
Spain,2072,Median,38453573.5
Spain,2073,Median,38173658
Spain,2074,Median,37903808.5
Spain,2075,Median,37644621.5
Spain,2076,Median,37397887
Spain,2077,Median,37163397
Spain,2078,Median,36942005
Spain,2079,Median,36729337.5
Spain,2080,Median,36524535
Spain,2081,Median,36327926.5
Spain,2082,Median,36139448.5
Spain,2083,Median,35956990.5
Spain,2084,Median,35778725.5
Spain,2085,Median,35605149.5
Spain,2086,Median,35436926
Spain,2087,Median,35273592
Spain,2088,Median,35109160.5
Spain,2089,Median,34941503.5
Spain,2090,Median,34774237
Spain,2091,Median,34611809.5
Spain,2092,Median,34453467
Spain,2093,Median,34295239
Spain,2094,Median,34136023
Spain,2095,Median,33974156.5
Spain,2096,Median,33811182.5
Spain,2097,Median,33645991.5
Spain,2098,Median,33475731.5
Spain,2099,Median,33302992
Spain,2100,Median,33127478.5
