Location,Time,AgeId,Age,Value
United States of America,1990,67,15-19,17430235.5
United States of America,1990,75,20-24,19299051
United States of America,1990,57,25-29,22075684.5
United States of America,1990,62,30-34,22533614.5
United States of America,1990,63,35-39,20585242
United States of America,1990,64,40-44,18296508
United States of America,1990,69,45-49,14320804
United States of America,1990,66,50-54,11579030
United States of America,1990,68,55-59,10761297.5
United States of America,1990,60,60-64,10650885.5
United States of America,1991,67,15-19,17119019
United States of America,1991,75,20-24,19358660
United States of America,1991,57,25-29,21676223
United States of America,1991,62,30-34,22795407.5
United States of America,1991,63,35-39,21138656
United States of America,1991,64,40-44,18865409.5
United States of America,1991,69,45-49,15012248.5
United States of America,1991,66,50-54,11832332
United States of America,1991,68,55-59,10749224
United States of America,1991,60,60-64,10568828
United States of America,1992,67,15-19,17123943
United States of America,1992,75,20-24,19332379.5
United States of America,1992,57,25-29,21176834.5
United States of America,1992,62,30-34,22946933.5
United States of America,1992,63,35-39,21649307.5
United States of America,1992,64,40-44,19141438
United States of America,1992,69,45-49,15864658.5
United States of America,1992,66,50-54,12293920.5
United States of America,1992,68,55-59,10801928.5
United States of America,1992,60,60-64,10464644
United States of America,1993,67,15-19,17415131.5
United States of America,1993,75,20-24,19189671.5
United States of America,1993,57,25-29,20698735.5
United States of America,1993,62,30-34,22953825.5
United States of America,1993,63,35-39,22104201
United States of America,1993,64,40-44,19465160.5
United States of America,1993,69,45-49,16603058.5
United States of America,1993,66,50-54,12898007
United States of America,1993,68,55-59,10936256.5
United States of America,1993,60,60-64,10338988
United States of America,1994,67,15-19,17810937
United States of America,1994,75,20-24,18967809
United States of America,1994,57,25-29,20309504
United States of America,1994,62,30-34,22867037.5
United States of America,1994,63,35-39,22467679.5
United States of America,1994,64,40-44,19942772.5
United States of America,1994,69,45-49,17291011.5
United States of America,1994,66,50-54,13493672
United States of America,1994,68,55-59,11084114.5
United States of America,1994,60,60-64,10254000.5
United States of America,1995,67,15-19,18304138
United States of America,1995,75,20-24,18632469.5
United States of America,1995,57,25-29,20175615.5
United States of America,1995,62,30-34,22637369
United States of America,1995,63,35-39,22753182.5
United States of America,1995,64,40-44,20491749
United States of America,1995,69,45-49,18045585
United States of America,1995,66,50-54,14012238
United States of America,1995,68,55-59,11219998
United States of America,1995,60,60-64,10214702.5
United States of America,1996,67,15-19,18837089.5
United States of America,1996,75,20-24,18309323
United States of America,1996,57,25-29,20221895
United States of America,1996,62,30-34,22215696.5
United States of America,1996,63,35-39,23002752.5
United States of America,1996,64,40-44,21035919
United States of America,1996,69,45-49,18599574
United States of America,1996,66,50-54,14682260
United States of America,1996,68,55-59,11462669
United States of America,1996,60,60-64,10212006
United States of America,1997,67,15-19,19303034.5
United States of America,1997,75,20-24,18289915.5
United States of America,1997,57,25-29,20179661
United States of America,1997,62,30-34,21711840
United States of America,1997,63,35-39,23150502.5
United States of America,1997,64,40-44,21541512
United States of America,1997,69,45-49,18871124
United States of America,1997,66,50-54,15522035
United States of America,1997,68,55-59,11913842
United States of America,1997,60,60-64,10270157.5
United States of America,1998,67,15-19,19695772
United States of America,1998,75,20-24,18560026
United States of America,1998,57,25-29,20023895
United States of America,1998,62,30-34,21232456
United States of America,1998,63,35-39,23157343
United States of America,1998,64,40-44,21995306
United States of America,1998,69,45-49,19192946.5
United States of America,1998,66,50-54,16252079.5
United States of America,1998,68,55-59,12505060.5
United States of America,1998,60,60-64,10408815.5
United States of America,1999,67,15-19,20006169.5
United States of America,1999,75,20-24,18952917
United States of America,1999,57,25-29,19803130
United States of America,1999,62,30-34,20851589
United States of America,1999,63,35-39,23078671.5
United States of America,1999,64,40-44,22363025
United States of America,1999,69,45-49,19668641.5
United States of America,1999,66,50-54,16932368
United States of America,1999,68,55-59,13088656.5
United States of America,1999,60,60-64,10561907.5
United States of America,2000,67,15-19,20247446.5
United States of America,2000,75,20-24,19451401.5
United States of America,2000,57,25-29,19475405
United States of America,2000,62,30-34,20728211.5
United States of America,2000,63,35-39,22861673
United States of America,2000,64,40-44,22655339
United States of America,2000,69,45-49,20215234
United States of America,2000,66,50-54,17676169
United States of America,2000,68,55-59,13596996
United States of America,2000,60,60-64,10703393.5
United States of America,2001,67,15-19,20431392.5
United States of America,2001,75,20-24,19971839
United States of America,2001,57,25-29,19150330.5
United States of America,2001,62,30-34,20776687
United States of America,2001,63,35-39,22461748
United States of America,2001,64,40-44,22928999.5
United States of America,2001,69,45-49,20780072
United States of America,2001,66,50-54,18245321.5
United States of America,2001,68,55-59,14271935.5
United States of America,2001,60,60-64,10959276
United States of America,2002,67,15-19,20563233
United States of America,2002,75,20-24,20400315.5
United States of America,2002,57,25-29,19113895.5
United States of America,2002,62,30-34,20726316.5
United States of America,2002,63,35-39,21982582.5
United States of America,2002,64,40-44,23115022
United States of America,2002,69,45-49,21327523
United States of America,2002,66,50-54,18560021
United States of America,2002,68,55-59,15132137.5
United States of America,2002,60,60-64,11427218
United States of America,2003,67,15-19,20753640
United States of America,2003,75,20-24,20742083.5
United States of America,2003,57,25-29,19355313
United States of America,2003,62,30-34,20554625
United States of America,2003,63,35-39,21515479
United States of America,2003,64,40-44,23154408.5
United States of America,2003,69,45-49,21819712
United States of America,2003,66,50-54,18922681
United States of America,2003,68,55-59,15886559.5
United States of America,2003,60,60-64,12028216.5
United States of America,2004,67,15-19,21034709
United States of America,2004,75,20-24,20991412
United States of America,2004,57,25-29,19709621
United States of America,2004,62,30-34,20312463
United States of America,2004,63,35-39,21136604
United States of America,2004,64,40-44,23104986.5
United States of America,2004,69,45-49,22224931.5
United States of America,2004,66,50-54,19435287.5
United States of America,2004,68,55-59,16593044
United States of America,2004,60,60-64,12622163
United States of America,2005,67,15-19,21382154.5
United States of America,2005,75,20-24,21168854
United States of America,2005,57,25-29,20164164
United States of America,2005,62,30-34,19961470.5
United States of America,2005,63,35-39,21007146.5
United States of America,2005,64,40-44,22915329
United States of America,2005,69,45-49,22554845
United States of America,2005,66,50-54,20017321.5
United States of America,2005,68,55-59,17362188
United States of America,2005,60,60-64,13145989
United States of America,2006,67,15-19,21730371
United States of America,2006,75,20-24,21318940.5
United States of America,2006,57,25-29,20658574
United States of America,2006,62,30-34,19624188
United States of America,2006,63,35-39,21050813
United States of America,2006,64,40-44,22533128
United States of America,2006,69,45-49,22846574
United States of America,2006,66,50-54,20594083
United States of America,2006,68,55-59,17939134
United States of America,2006,60,60-64,13817576.5
United States of America,2007,67,15-19,21988081
United States of America,2007,75,20-24,21455259.5
United States of America,2007,57,25-29,21087580
United States of America,2007,62,30-34,19590200.5
United States of America,2007,63,35-39,21004131
United States of America,2007,64,40-44,22064583.5
United States of America,2007,69,45-49,23034500.5
United States of America,2007,66,50-54,21132349
United States of America,2007,68,55-59,18247678.5
United States of America,2007,60,60-64,14656927
United States of America,2008,67,15-19,22103375.5
United States of America,2008,75,20-24,21654418
United States of America,2008,57,25-29,21433832.5
United States of America,2008,62,30-34,19834216.5
United States of America,2008,63,35-39,20838003.5
United States of America,2008,64,40-44,21609717.5
United States of America,2008,69,45-49,23080224
United States of America,2008,66,50-54,21620050
United States of America,2008,68,55-59,18604183.5
United States of America,2008,60,60-64,15396211.5
United States of America,2009,67,15-19,22054378.5
United States of America,2009,75,20-24,21948312
United States of America,2009,57,25-29,21691712
United States of America,2009,62,30-34,20192569
United States of America,2009,63,35-39,20602872.5
United States of America,2009,64,40-44,21242768.5
United States of America,2009,69,45-49,23038869.5
United States of America,2009,66,50-54,22023461
United States of America,2009,68,55-59,19105606
United States of America,2009,60,60-64,16085726.5
United States of America,2010,67,15-19,21847554.5
United States of America,2010,75,20-24,22319125.5
United States of America,2010,57,25-29,21886026.5
United States of America,2010,62,30-34,20656400
United States of America,2010,63,35-39,20263504
United States of America,2010,64,40-44,21125496.5
United States of America,2010,69,45-49,22863042
United States of America,2010,66,50-54,22356967.5
United States of America,2010,68,55-59,19677192
United States of America,2010,60,60-64,16833317
United States of America,2011,67,15-19,21567111.5
United States of America,2011,75,20-24,22701370
United States of America,2011,57,25-29,22079443.5
United States of America,2011,62,30-34,21189883
United States of America,2011,63,35-39,19962970
United States of America,2011,64,40-44,21197084
United States of America,2011,69,45-49,22507136.5
United States of America,2011,66,50-54,22658693
United States of America,2011,68,55-59,20246267.5
United States of America,2011,60,60-64,17392591
United States of America,2012,67,15-19,21317804.5
United States of America,2012,75,20-24,22988196.5
United States of America,2012,57,25-29,22273994.5
United States of America,2012,62,30-34,21682444.5
United States of America,2012,63,35-39,19984941.5
United States of America,2012,64,40-44,21193699.5
United States of America,2012,69,45-49,22072749
United States of America,2012,66,50-54,22859512.5
United States of America,2012,68,55-59,20776529
United States of America,2012,60,60-64,17688460.5
United States of America,2013,67,15-19,21166928
United States of America,2013,75,20-24,23122030.5
United States of America,2013,57,25-29,22523320
United States of America,2013,62,30-34,22091504.5
United States of America,2013,63,35-39,20283705
United States of America,2013,64,40-44,21072710
United States of America,2013,69,45-49,21654186.5
United States of America,2013,66,50-54,22920723.5
United States of America,2013,68,55-59,21257747.5
United States of America,2013,60,60-64,18027922.5
United States of America,2014,67,15-19,21138637.5
United States of America,2014,75,20-24,23085181.5
United States of America,2014,57,25-29,22861936
United States of America,2014,62,30-34,22412709
United States of America,2014,63,35-39,20697968
United States of America,2014,64,40-44,20885805.5
United States of America,2014,69,45-49,21326009
United States of America,2014,66,50-54,22897701.5
United States of America,2014,68,55-59,21657833.5
United States of America,2014,60,60-64,18504828.5
United States of America,2015,67,15-19,21248848.5
United States of America,2015,75,20-24,22873388
United States of America,2015,57,25-29,23261235.5
United States of America,2015,62,30-34,22660815.5
United States of America,2015,63,35-39,21212587
United States of America,2015,64,40-44,20594480
United States of America,2015,69,45-49,21243960.5
United States of America,2015,66,50-54,22741420
United States of America,2015,68,55-59,21986140.5
United States of America,2015,60,60-64,19044986
United States of America,2016,67,15-19,21452213.5
United States of America,2016,75,20-24,22599382.5
United States of America,2016,57,25-29,23663794
United States of America,2016,62,30-34,22886164.5
United States of America,2016,63,35-39,21773555.5
United States of America,2016,64,40-44,20323397
United States of America,2016,69,45-49,21335774.5
United States of America,2016,66,50-54,22405825
United States of America,2016,68,55-59,22282041
United States of America,2016,60,60-64,19583197.5
United States of America,2017,67,15-19,21663507
United States of America,2017,75,20-24,22381900
United States of America,2017,57,25-29,23976107.5
United States of America,2017,62,30-34,23100348
United States of America,2017,63,35-39,22276049.5
United States of America,2017,64,40-44,20355747.5
United States of America,2017,69,45-49,21341795
United States of America,2017,66,50-54,21992670
United States of America,2017,68,55-59,22483078.5
United States of America,2017,60,60-64,20088926.5
United States of America,2018,67,15-19,21873006.5
United States of America,2018,75,20-24,22252339
United States of America,2018,57,25-29,24126825
United States of America,2018,62,30-34,23361454.5
United States of America,2018,63,35-39,22689945
United States of America,2018,64,40-44,20657178.5
United States of America,2018,69,45-49,21226702
United States of America,2018,66,50-54,21592975
United States of America,2018,68,55-59,22547559
United States of America,2018,60,60-64,20548106
United States of America,2019,67,15-19,22078478.5
United States of America,2019,75,20-24,22236979
United States of America,2019,57,25-29,24101130.5
United States of America,2019,62,30-34,23705388.5
United States of America,2019,63,35-39,23012463.5
United States of America,2019,64,40-44,21068934
United States of America,2019,69,45-49,21044441
United States of America,2019,66,50-54,21280677
United States of America,2019,68,55-59,22531323
United States of America,2019,60,60-64,20931338.5
United States of America,2020,67,15-19,22159490.5
United States of America,2020,75,20-24,22259438
United States of America,2020,57,25-29,23808229
United States of America,2020,62,30-34,24030123.5
United States of America,2020,63,35-39,23202509
United States of America,2020,64,40-44,21532567
United States of America,2020,69,45-49,20720661
United States of America,2020,66,50-54,21170089.5
United States of America,2020,68,55-59,22351426.5
United States of America,2020,60,60-64,21215736
United States of America,2021,67,15-19,22218910
United States of America,2021,75,20-24,22285773.5
United States of America,2021,57,25-29,23367444.5
United States of America,2021,62,30-34,24281159.5
United States of America,2021,63,35-39,23308285
United States of America,2021,64,40-44,21992228.5
United States of America,2021,69,45-49,20375464.5
United States of America,2021,66,50-54,21185450.5
United States of America,2021,68,55-59,21954933
United States of America,2021,60,60-64,21428285
United States of America,2022,67,15-19,22417723
United States of America,2022,75,20-24,22333654
United States of America,2022,57,25-29,22997309
United States of America,2022,62,30-34,24462986.5
United States of America,2022,63,35-39,23426514
United States of America,2022,64,40-44,22423954.5
United States of America,2022,69,45-49,20359775
United States of America,2022,66,50-54,21147526.5
United States of America,2022,68,55-59,21514930.5
United States of America,2022,60,60-64,21590887.5
United States of America,2023,67,15-19,22609738.5
United States of America,2023,75,20-24,22390417.5
United States of America,2023,57,25-29,22725880
United States of America,2023,62,30-34,24506983.5
United States of America,2023,63,35-39,23619224
United States of America,2023,64,40-44,22806083.5
United States of America,2023,69,45-49,20647716.5
United States of America,2023,66,50-54,21036355.5
United States of America,2023,68,55-59,21138668
United States of America,2023,60,60-64,21688326.5
United States of America,2024,67,15-19,22767906
United States of America,2024,75,20-24,22642300
United States of America,2024,57,25-29,22594600.5
United States of America,2024,62,30-34,24344798
United States of America,2024,63,35-39,23858037.5
United States of America,2024,64,40-44,23067088
United States of America,2024,69,45-49,21020221.5
United States of America,2024,66,50-54,20837624.5
United States of America,2024,68,55-59,20828140
United States of America,2024,60,60-64,21691565
United States of America,2025,67,15-19,22828998
United States of America,2025,75,20-24,23061807
United States of America,2025,57,25-29,22641304
United States of America,2025,62,30-34,23968104.5
United States of America,2025,63,35-39,24109706.5
United States of America,2025,64,40-44,23213681
United States of America,2025,69,45-49,21456289
United States of America,2025,66,50-54,20506113.5
United States of America,2025,68,55-59,20717044.5
United States of America,2025,60,60-64,21537541.5
United States of America,2026,67,15-19,22672643
United States of America,2026,75,20-24,23525034
United States of America,2026,57,25-29,22818023.5
United States of America,2026,62,30-34,23511929.5
United States of America,2026,63,35-39,24341982.5
United States of America,2026,64,40-44,23318349.5
United States of America,2026,69,45-49,21926069.5
United States of America,2026,66,50-54,20187829
United States of America,2026,68,55-59,20763712
United States of America,2026,60,60-64,21208474
United States of America,2027,67,15-19,22361955.5
United States of America,2027,75,20-24,24061103.5
United States of America,2027,57,25-29,23061921.5
United States of America,2027,62,30-34,23106865.5
United States of America,2027,63,35-39,24468722
United States of America,2027,64,40-44,23395821.5
United States of America,2027,69,45-49,22329575.5
United States of America,2027,66,50-54,20157245.5
United States of America,2027,68,55-59,20722833.5
United States of America,2027,60,60-64,20799192.5
United States of America,2028,67,15-19,22017776
United States of America,2028,75,20-24,24519754.5
United States of America,2028,57,25-29,23392700
United States of America,2028,62,30-34,22815547.5
United States of America,2028,63,35-39,24438117
United States of America,2028,64,40-44,23516468.5
United States of America,2028,69,45-49,22645680
United States of America,2028,66,50-54,20389043
United States of America,2028,68,55-59,20566702.5
United States of America,2028,60,60-64,20400576
United States of America,2029,67,15-19,21752261.5
United States of America,2029,75,20-24,24790543
United States of America,2029,57,25-29,23793502.5
United States of America,2029,62,30-34,22672273.5
United States of America,2029,63,35-39,24233075
United States of America,2029,64,40-44,23713427
United States of America,2029,69,45-49,22869313.5
United States of America,2029,66,50-54,20728426.5
United States of America,2029,68,55-59,20347215
United States of America,2029,60,60-64,20083121.5
United States of America,2030,67,15-19,21602476.5
United States of America,2030,75,20-24,24853761.5
United States of America,2030,57,25-29,24202295
United States of America,2030,62,30-34,22704595
United States of America,2030,63,35-39,23849779
United States of America,2030,64,40-44,23958540
United States of America,2030,69,45-49,23013401.5
United States of America,2030,66,50-54,21159317.5
United States of America,2030,68,55-59,20030359
United States of America,2030,60,60-64,19987781.5
United States of America,2031,67,15-19,21506692
United States of America,2031,75,20-24,24705762
United States of America,2031,57,25-29,24664817
United States of America,2031,62,30-34,22876532.5
United States of America,2031,63,35-39,23394646.5
United States of America,2031,64,40-44,24188876.5
United States of America,2031,69,45-49,23119072
United States of America,2031,66,50-54,21625165.5
United States of America,2031,68,55-59,19728619
United States of America,2031,60,60-64,20044341
United States of America,2032,67,15-19,21379547
United States of America,2032,75,20-24,24407150
United States of America,2032,57,25-29,25205738
United States of America,2032,62,30-34,23121577
United States of America,2032,63,35-39,22994645
United States of America,2032,64,40-44,24317281.5
United States of America,2032,69,45-49,23199703
United States of America,2032,66,50-54,22027143
United States of America,2032,68,55-59,19707566
United States of America,2032,60,60-64,20015552.5
United States of America,2033,67,15-19,21194720.5
United States of America,2033,75,20-24,24074368.5
United States of America,2033,57,25-29,25667577.5
United States of America,2033,62,30-34,23450463
United States of America,2033,63,35-39,22705813
United States of America,2033,64,40-44,24288532
United States of America,2033,69,45-49,23322372
United States of America,2033,66,50-54,22342740.5
United States of America,2033,68,55-59,19941091.5
United States of America,2033,60,60-64,19874478
United States of America,2034,67,15-19,20948946.5
United States of America,2034,75,20-24,23821613
United States of America,2034,57,25-29,25944563.5
United States of America,2034,62,30-34,23850430.5
United States of America,2034,63,35-39,22564816
United States of America,2034,64,40-44,24087382
United States of America,2034,69,45-49,23520917
United States of America,2034,66,50-54,22567694.5
United States of America,2034,68,55-59,20279574
United States of America,2034,60,60-64,19673026
United States of America,2035,67,15-19,20610251.5
United States of America,2035,75,20-24,23685442.5
United States of America,2035,57,25-29,26018162
United States of America,2035,62,30-34,24262159.5
United States of America,2035,63,35-39,22600773
United States of America,2035,64,40-44,23711155.5
United States of America,2035,69,45-49,23768251
United States of America,2035,66,50-54,22715468.5
United States of America,2035,68,55-59,20707875.5
United States of America,2035,60,60-64,19379436
United States of America,2036,67,15-19,20270503
United States of America,2036,75,20-24,23600323
United States of America,2036,57,25-29,25878427.5
United States of America,2036,62,30-34,24725220
United States of America,2036,63,35-39,22774030.5
United States of America,2036,64,40-44,23262838.5
United States of America,2036,69,45-49,24000310.5
United States of America,2036,66,50-54,22825162
United States of America,2036,68,55-59,21169649
United States of America,2036,60,60-64,19100759.5
United States of America,2037,67,15-19,20076656
United States of America,2037,75,20-24,23483268
United States of America,2037,57,25-29,25587885
United States of America,2037,62,30-34,25265438
United States of America,2037,63,35-39,23019365
United States of America,2037,64,40-44,22868830
United States of America,2037,69,45-49,24131068.5
United States of America,2037,66,50-54,22910122.5
United States of America,2037,68,55-59,21569084
United States of America,2037,60,60-64,19092224
United States of America,2038,67,15-19,19974879
United States of America,2038,75,20-24,23309425
United States of America,2038,57,25-29,25264207
United States of America,2038,62,30-34,25727618
United States of America,2038,63,35-39,23348379.5
United States of America,2038,64,40-44,22585303
United States of America,2038,69,45-49,24106353
United States of America,2038,66,50-54,23036671.5
United States of America,2038,68,55-59,21884367.5
United States of America,2038,60,60-64,19328661
United States of America,2039,67,15-19,19900930
United States of America,2039,75,20-24,23071919.5
United States of America,2039,57,25-29,25015987
United States of America,2039,62,30-34,26002250
United States of America,2039,63,35-39,23745544
United States of America,2039,64,40-44,22446766
United States of America,2039,69,45-49,23909894.5
United States of America,2039,66,50-54,23237117
United States of America,2039,68,55-59,22110510
United States of America,2039,60,60-64,19665701.5
United States of America,2040,67,15-19,19923862
United States of America,2040,75,20-24,22739147
United States of America,2040,57,25-29,24880214
United States of America,2040,62,30-34,26071724.5
United States of America,2040,63,35-39,24152522.5
United States of America,2040,64,40-44,22482504.5
United States of America,2040,69,45-49,23539395
United States of America,2040,66,50-54,23485106
United States of America,2040,68,55-59,22261230.5
United States of America,2040,60,60-64,20089154
United States of America,2041,67,15-19,19991259.5
United States of America,2041,75,20-24,22406264
United States of America,2041,57,25-29,24796775
United States of America,2041,62,30-34,25930882.5
United States of America,2041,63,35-39,24611774.5
United States of America,2041,64,40-44,22655226
United States of America,2041,69,45-49,23098098
United States of America,2041,66,50-54,23718240
United States of America,2041,68,55-59,22375185.5
United States of America,2041,60,60-64,20544874
United States of America,2042,67,15-19,19996046
United States of America,2042,75,20-24,22222023
United States of America,2042,57,25-29,24685013
United States of America,2042,62,30-34,25642449
United States of America,2042,63,35-39,25149123
United States of America,2042,64,40-44,22900359
United States of America,2042,69,45-49,22711122.5
United States of America,2042,66,50-54,23851582.5
United States of America,2042,68,55-59,22465375.5
United States of America,2042,60,60-64,20940694.5
United States of America,2043,67,15-19,20004863
United States of America,2043,75,20-24,22129827
United States of America,2043,57,25-29,24516771.5
United States of America,2043,62,30-34,25320429
United States of America,2043,63,35-39,25608388.5
United States of America,2043,64,40-44,23228186
United States of America,2043,69,45-49,22433259.5
United States of America,2043,66,50-54,23831327.5
United States of America,2043,68,55-59,22596229.5
United States of America,2043,60,60-64,21255118.5
United States of America,2044,67,15-19,20059384
United States of America,2044,75,20-24,22062927
United States of America,2044,57,25-29,24283521.5
United States of America,2044,62,30-34,25073108.5
United States of America,2044,63,35-39,25881210
United States of America,2044,64,40-44,23623594
United States of America,2044,69,45-49,22298811.5
United States of America,2044,66,50-54,23641679
United States of America,2044,68,55-59,22799279.5
United States of America,2044,60,60-64,21483237.5
United States of America,2045,67,15-19,20119689.5
United States of America,2045,75,20-24,22092341.5
United States of America,2045,57,25-29,23956292.5
United States of America,2045,62,30-34,24939522
United States of America,2045,63,35-39,25951648
United States of America,2045,64,40-44,24029723
United States of America,2045,69,45-49,22337524.5
United States of America,2045,66,50-54,23281104.5
United States of America,2045,68,55-59,23049379.5
United States of America,2045,60,60-64,21639143
United States of America,2046,67,15-19,20188863
United States of America,2046,75,20-24,22164778
United States of America,2046,57,25-29,23627329.5
United States of America,2046,62,30-34,24857064.5
United States of America,2046,63,35-39,25812712
United States of America,2046,64,40-44,24487536
United States of America,2046,69,45-49,22511679
United States of America,2046,66,50-54,22850763
United States of America,2046,68,55-59,23284700.5
United States of America,2046,60,60-64,21759646.5
United States of America,2047,67,15-19,20270905
United States of America,2047,75,20-24,22174978.5
United States of America,2047,57,25-29,23444967
United States of America,2047,62,30-34,24743845.5
United States of America,2047,63,35-39,25525367
United States of America,2047,64,40-44,25021796
United States of America,2047,69,45-49,22756767
United States of America,2047,66,50-54,22473465.5
United States of America,2047,68,55-59,23421500
United States of America,2047,60,60-64,21857008
United States of America,2048,67,15-19,20367689.5
United States of America,2048,75,20-24,22189776.5
United States of America,2048,57,25-29,23354522.5
United States of America,2048,62,30-34,24573837.5
United States of America,2048,63,35-39,25204120
United States of America,2048,64,40-44,25478220
United States of America,2048,69,45-49,23083568
United States of America,2048,66,50-54,22203574
United States of America,2048,68,55-59,23407510.5
United States of America,2048,60,60-64,21993784.5
United States of America,2049,67,15-19,20472650
United States of America,2049,75,20-24,22251130.5
United States of America,2049,57,25-29,23292095.5
United States of America,2049,62,30-34,24342485
United States of America,2049,63,35-39,24959337.5
United States of America,2049,64,40-44,25750946
United States of America,2049,69,45-49,23478313
United States of America,2049,66,50-54,22075695
United States of America,2049,68,55-59,23228069.5
United States of America,2049,60,60-64,22200940
United States of America,2050,67,15-19,20585177
United States of America,2050,75,20-24,22320118
United States of America,2050,57,25-29,23328688.5
United States of America,2050,62,30-34,24020585
United States of America,2050,63,35-39,24829491.5
United States of America,2050,64,40-44,25823926.5
United States of America,2050,69,45-49,23884592
United States of America,2050,66,50-54,22119188.5
United States of America,2050,68,55-59,22881907
United States of America,2050,60,60-64,22454265
United States of America,2051,67,15-19,20708969.5
United States of America,2051,75,20-24,22399284.5
United States of America,2051,57,25-29,23410803
United States of America,2051,62,30-34,23699839
United States of America,2051,63,35-39,24752382.5
United States of America,2051,64,40-44,25690224
United States of America,2051,69,45-49,24342983
United States of America,2051,66,50-54,22296739.5
United States of America,2051,68,55-59,22467900.5
United States of America,2051,60,60-64,22693242.5
United States of America,2052,67,15-19,20837659
United States of America,2052,75,20-24,22489185
United States of America,2052,57,25-29,23428312.5
United States of America,2052,62,30-34,23522838.5
United States of America,2052,63,35-39,24643289
United States of America,2052,64,40-44,25408278.5
United States of America,2052,69,45-49,24876555
United States of America,2052,66,50-54,22543664.5
United States of America,2052,68,55-59,22105415.5
United States of America,2052,60,60-64,22835668
United States of America,2053,67,15-19,20962550
United States of America,2053,75,20-24,22592094.5
United States of America,2053,57,25-29,23448227.5
United States of America,2053,62,30-34,23435600
United States of America,2053,63,35-39,24476664.5
United States of America,2053,64,40-44,25091975
United States of America,2053,69,45-49,25332470.5
United States of America,2053,66,50-54,22870938
United States of America,2053,68,55-59,21847914.5
United States of America,2053,60,60-64,22831106.5
United States of America,2054,67,15-19,21083046
United States of America,2054,75,20-24,22700110.5
United States of America,2054,57,25-29,23510937
United States of America,2054,62,30-34,23374047
United States of America,2054,63,35-39,24247771
United States of America,2054,64,40-44,24850740.5
United States of America,2054,69,45-49,25605554
United States of America,2054,66,50-54,23264934.5
United States of America,2054,68,55-59,21729146.5
United States of America,2054,60,60-64,22665273.5
United States of America,2055,67,15-19,21191271
United States of America,2055,75,20-24,22809884
United States of America,2055,57,25-29,23572917
United States of America,2055,62,30-34,23404207
United States of America,2055,63,35-39,23924459
United States of America,2055,64,40-44,24720818
United States of America,2055,69,45-49,25678570
United States of America,2055,66,50-54,23669123
United States of America,2055,68,55-59,21777350
United States of America,2055,60,60-64,22336637.5
United States of America,2056,67,15-19,21277264
United States of America,2056,75,20-24,22930437.5
United States of America,2056,57,25-29,23642721.5
United States of America,2056,62,30-34,23476709.5
United States of America,2056,63,35-39,23600252
United States of America,2056,64,40-44,24641967.5
United States of America,2056,69,45-49,25545848
United States of America,2056,66,50-54,24124436.5
United States of America,2056,68,55-59,21956553.5
United States of America,2056,60,60-64,21941820
United States of America,2057,67,15-19,21339702.5
United States of America,2057,75,20-24,23061362
United States of America,2057,57,25-29,23729398
United States of America,2057,62,30-34,23488806.5
United States of America,2057,63,35-39,23421302.5
United States of America,2057,64,40-44,24532808
United States of America,2057,69,45-49,25267282
United States of America,2057,66,50-54,24654760
United States of America,2057,68,55-59,22204128
United States of America,2057,60,60-64,21597347
United States of America,2058,67,15-19,21377303.5
United States of America,2058,75,20-24,23194701
United States of America,2058,57,25-29,23837078
United States of America,2058,62,30-34,23508728
United States of America,2058,63,35-39,23334880
United States of America,2058,64,40-44,24368570
United States of America,2058,69,45-49,24956149
United States of America,2058,66,50-54,25109285.5
United States of America,2058,68,55-59,22531390.5
United States of America,2058,60,60-64,21355568.5
United States of America,2059,67,15-19,21383975
United States of America,2059,75,20-24,23324365
United States of America,2059,57,25-29,23952948
United States of America,2059,62,30-34,23574671.5
United States of America,2059,63,35-39,23276211.5
United States of America,2059,64,40-44,24143820
United States of America,2059,69,45-49,24720354.5
United States of America,2059,66,50-54,25383531.5
United States of America,2059,68,55-59,22924743
United States of America,2059,60,60-64,21249038.5
United States of America,2060,67,15-19,21363759.5
United States of America,2060,75,20-24,23438600.5
United States of America,2060,57,25-29,24069703
United States of America,2060,62,30-34,23642210
United States of America,2060,63,35-39,23310598
United States of America,2060,64,40-44,23826322.5
United States of America,2060,69,45-49,24595559.5
United States of America,2060,66,50-54,25460212
United States of America,2060,68,55-59,23328540
United States of America,2060,60,60-64,21305232
United States of America,2061,67,15-19,21321534.5
United States of America,2061,75,20-24,23530516
United States of America,2061,57,25-29,24197142.5
United States of America,2061,62,30-34,23718496.5
United States of America,2061,63,35-39,23387925.5
United States of America,2061,64,40-44,23508425.5
United States of America,2061,69,45-49,24521646.5
United States of America,2061,66,50-54,25333814.5
United States of America,2061,68,55-59,23782971
United States of America,2061,60,60-64,21489109
United States of America,2062,67,15-19,21257623.5
United States of America,2062,75,20-24,23599361.5
United States of America,2062,57,25-29,24333216.5
United States of America,2062,62,30-34,23808784.5
United States of America,2062,63,35-39,23403275
United States of America,2062,64,40-44,23333687.5
United States of America,2062,69,45-49,24416769
United States of America,2062,66,50-54,25063009.5
United States of America,2062,68,55-59,24310744
United States of America,2062,60,60-64,21739153
United States of America,2063,67,15-19,21177627.5
United States of America,2063,75,20-24,23640751
United States of America,2063,57,25-29,24465904.5
United States of America,2063,62,30-34,23913153.5
United States of America,2063,63,35-39,23421661
United States of America,2063,64,40-44,23247859
United States of America,2063,69,45-49,24255146.5
United States of America,2063,66,50-54,24758781
United States of America,2063,68,55-59,24762864.5
United States of America,2063,60,60-64,22066175.5
United States of America,2064,67,15-19,21085012.5
United States of America,2064,75,20-24,23649371
United States of America,2064,57,25-29,24592660.5
United States of America,2064,62,30-34,24023752.5
United States of America,2064,63,35-39,23484486
United States of America,2064,64,40-44,23188709
United States of America,2064,69,45-49,24032838
United States of America,2064,66,50-54,24528628
United States of America,2064,68,55-59,25037194
United States of America,2064,60,60-64,22457620.5
United States of America,2065,67,15-19,20983755.5
United States of America,2065,75,20-24,23633045
United States of America,2065,57,25-29,24708309
United States of America,2065,62,30-34,24140387
United States of America,2065,63,35-39,23552495.5
United States of America,2065,64,40-44,23224296
United States of America,2065,69,45-49,23719878.5
United States of America,2065,66,50-54,24409117.5
United States of America,2065,68,55-59,25117740.5
United States of America,2065,60,60-64,22860044.5
United States of America,2066,67,15-19,20884004
United States of America,2066,75,20-24,23597906.5
United States of America,2066,57,25-29,24805302.5
United States of America,2066,62,30-34,24270246
United States of America,2066,63,35-39,23630885.5
United States of America,2066,64,40-44,23303630.5
United States of America,2066,69,45-49,23407233.5
United States of America,2066,66,50-54,24340226
United States of America,2066,68,55-59,24999075
United States of America,2066,60,60-64,23312473
United States of America,2067,67,15-19,20793199.5
United States of America,2067,75,20-24,23542942.5
United States of America,2067,57,25-29,24880529
United States of America,2067,62,30-34,24408340.5
United States of America,2067,63,35-39,23722766
United States of America,2067,64,40-44,23321100
United States of America,2067,69,45-49,23236629
United States of America,2067,66,50-54,24240400
United States of America,2067,68,55-59,24738725
United States of America,2067,60,60-64,23836566
United States of America,2068,67,15-19,20711686
United States of America,2068,75,20-24,23472439
United States of America,2068,57,25-29,24929705
United States of America,2068,62,30-34,24544163
United States of America,2068,63,35-39,23829310
United States of America,2068,64,40-44,23341981
United States of America,2068,69,45-49,23154470.5
United States of America,2068,66,50-54,24084356.5
United States of America,2068,68,55-59,24445713.5
United States of America,2068,60,60-64,24286624.5
United States of America,2069,67,15-19,20642504
United States of America,2069,75,20-24,23391136
United States of America,2069,57,25-29,24950152
United States of America,2069,62,30-34,24678438.5
United States of America,2069,63,35-39,23945024.5
United States of America,2069,64,40-44,23408904.5
United States of America,2069,69,45-49,23099917.5
United States of America,2069,66,50-54,23869025.5
United States of America,2069,68,55-59,24226157
United States of America,2069,60,60-64,24563159.5
United States of America,2070,67,15-19,20584738
United States of America,2070,75,20-24,23299611
United States of America,2070,57,25-29,24944713.5
United States of America,2070,62,30-34,24802058
United States of America,2070,63,35-39,24067200.5
United States of America,2070,64,40-44,23481248.5
United States of America,2070,69,45-49,23139494.5
United States of America,2070,66,50-54,23563996.5
United States of America,2070,68,55-59,24115348.5
United States of America,2070,60,60-64,24650058
United States of America,2071,67,15-19,20541072
United States of America,2071,75,20-24,23208200
United States of America,2071,57,25-29,24917651
United States of America,2071,62,30-34,24904280.5
United States of America,2071,63,35-39,24200666.5
United States of America,2071,64,40-44,23562718
United States of America,2071,69,45-49,23221655
United States of America,2071,66,50-54,23258714.5
United States of America,2071,68,55-59,24053588
United States of America,2071,60,60-64,24541809.5
United States of America,2072,67,15-19,20513653.5
United States of America,2072,75,20-24,23124072
United States of America,2072,57,25-29,24867513
United States of America,2072,62,30-34,24981318
United States of America,2072,63,35-39,24339939
United States of America,2072,64,40-44,23656076
United States of America,2072,69,45-49,23241401.5
United States of America,2072,66,50-54,23093447
United States of America,2072,68,55-59,23960456
United States of America,2072,60,60-64,24294719.5
United States of America,2073,67,15-19,20498766
United States of America,2073,75,20-24,23047185
United States of America,2073,57,25-29,24799131
United States of America,2073,62,30-34,25030216
United States of America,2073,63,35-39,24475540
United States of America,2073,64,40-44,23763109.5
United States of America,2073,69,45-49,23263933
United States of America,2073,66,50-54,23015221.5
United States of America,2073,68,55-59,23811371
United States of America,2073,60,60-64,24015485
United States of America,2074,67,15-19,20497599.5
United States of America,2074,75,20-24,22982615
United States of America,2074,57,25-29,24719321
United States of America,2074,62,30-34,25049411
United States of America,2074,63,35-39,24608826.5
United States of America,2074,64,40-44,23878783
United States of America,2074,69,45-49,23331873
United States of America,2074,66,50-54,22964002.5
United States of America,2074,68,55-59,23603749.5
United States of America,2074,60,60-64,23808033.5
United States of America,2075,67,15-19,20513343.5
United States of America,2075,75,20-24,22933147.5
United States of America,2075,57,25-29,24634453
United States of America,2075,62,30-34,25047015.5
United States of America,2075,63,35-39,24734253
United States of America,2075,64,40-44,24002650.5
United States of America,2075,69,45-49,23406387.5
United States of America,2075,66,50-54,23006711.5
United States of America,2075,68,55-59,23308359
United States of America,2075,60,60-64,23707373
United States of America,2076,67,15-19,20542187.5
United States of America,2076,75,20-24,22899347
United States of America,2076,57,25-29,24551907.5
United States of America,2076,62,30-34,25024554
United States of America,2076,63,35-39,24839280
United States of America,2076,64,40-44,24138329
United States of America,2076,69,45-49,23490352.5
United States of America,2076,66,50-54,23091768.5
United States of America,2076,68,55-59,23012942
United States of America,2076,60,60-64,23654575.5
United States of America,2077,67,15-19,20578864
United States of America,2077,75,20-24,22877208.5
United States of America,2077,57,25-29,24471620.5
United States of America,2077,62,30-34,24975778.5
United States of America,2077,63,35-39,24917129
United States of America,2077,64,40-44,24278408
United States of America,2077,69,45-49,23585160.5
United States of America,2077,66,50-54,23114377.5
United States of America,2077,68,55-59,22855116.5
United States of America,2077,60,60-64,23570229
United States of America,2078,67,15-19,20626053.5
United States of America,2078,75,20-24,22866536.5
United States of America,2078,57,25-29,24397978.5
United States of America,2078,62,30-34,24909453.5
United States of America,2078,63,35-39,24967549.5
United States of America,2078,64,40-44,24415203.5
United States of America,2078,69,45-49,23693788
United States of America,2078,66,50-54,23139921
United States of America,2078,68,55-59,22783066
United States of America,2078,60,60-64,23430919.5
United States of America,2079,67,15-19,20682657.5
United States of America,2079,75,20-24,22867147
United States of America,2079,57,25-29,24333139.5
United States of America,2079,62,30-34,24829260.5
United States of America,2079,63,35-39,24986888
United States of America,2079,64,40-44,24548723
United States of America,2079,69,45-49,23810329.5
United States of America,2079,66,50-54,23209892.5
United States of America,2079,68,55-59,22736991
United States of America,2079,60,60-64,23233770.5
United States of America,2080,67,15-19,20744886.5
United States of America,2080,75,20-24,22880670.5
United States of America,2080,57,25-29,24276415.5
United States of America,2080,62,30-34,24737335
United States of America,2080,63,35-39,24980261.5
United States of America,2080,64,40-44,24671577.5
United States of America,2080,69,45-49,23933115.5
United States of America,2080,66,50-54,23285028.5
United States of America,2080,68,55-59,22782278
United States of America,2080,60,60-64,22949529
United States of America,2081,67,15-19,20815701
United States of America,2081,75,20-24,22913556.5
United States of America,2081,57,25-29,24241261.5
United States of America,2081,62,30-34,24650115.5
United States of America,2081,63,35-39,24954876
United States of America,2081,64,40-44,24774989
United States of America,2081,69,45-49,24068324
United States of America,2081,66,50-54,23370110
United States of America,2081,68,55-59,22869735
United States of America,2081,60,60-64,22665720.5
United States of America,2082,67,15-19,20893141
United States of America,2082,75,20-24,22958753
United States of America,2082,57,25-29,24225498.5
United States of America,2082,62,30-34,24572133
United States of America,2082,63,35-39,24907890.5
United States of America,2082,64,40-44,24854289.5
United States of America,2082,69,45-49,24209870.5
United States of America,2082,66,50-54,23467332.5
United States of America,2082,68,55-59,22896815
United States of America,2082,60,60-64,22517882
United States of America,2083,67,15-19,20971283.5
United States of America,2083,75,20-24,23010102.5
United States of America,2083,57,25-29,24217296
United States of America,2083,62,30-34,24498828.5
United States of America,2083,63,35-39,24842238.5
United States of America,2083,64,40-44,24905466.5
United States of America,2083,69,45-49,24347534.5
United States of America,2083,66,50-54,23577733.5
United States of America,2083,68,55-59,22926332
United States of America,2083,60,60-64,22453526
United States of America,2084,67,15-19,21048009
United States of America,2084,75,20-24,23070912
United States of America,2084,57,25-29,24221395.5
United States of America,2084,62,30-34,24436237
United States of America,2084,63,35-39,24764164.5
United States of America,2084,64,40-44,24926570
United States of America,2084,69,45-49,24482494.5
United States of America,2084,66,50-54,23696347.5
United States of America,2084,68,55-59,22999860.5
United States of America,2084,60,60-64,22414595.5
United States of America,2085,67,15-19,21120214
United States of America,2085,75,20-24,23133062
United States of America,2085,57,25-29,24234189
United States of America,2085,62,30-34,24380483.5
United States of America,2085,63,35-39,24673978
United States of America,2085,64,40-44,24921528
United States of America,2085,69,45-49,24606595
United States of America,2085,66,50-54,23820944
United States of America,2085,68,55-59,23078319.5
United States of America,2085,60,60-64,22465035.5
United States of America,2086,67,15-19,21184814.5
United States of America,2086,75,20-24,23200270.5
United States of America,2086,57,25-29,24257994
United States of America,2086,62,30-34,24337004
United States of America,2086,63,35-39,24582192
United States of America,2086,64,40-44,24893837
United States of America,2086,69,45-49,24708781.5
United States of America,2086,66,50-54,23956099.5
United States of America,2086,68,55-59,23165302.5
United States of America,2086,60,60-64,22555745.5
United States of America,2087,67,15-19,21239834.5
United States of America,2087,75,20-24,23277627.5
United States of America,2087,57,25-29,24296329.5
United States of America,2087,62,30-34,24312270
United States of America,2087,63,35-39,24498877
United States of America,2087,64,40-44,24844223
United States of America,2087,69,45-49,24786797.5
United States of America,2087,66,50-54,24097489.5
United States of America,2087,68,55-59,23264295
United States of America,2087,60,60-64,22587341
United States of America,2088,67,15-19,21283299
United States of America,2088,75,20-24,23361628.5
United States of America,2088,57,25-29,24350155
United States of America,2088,62,30-34,24303171.5
United States of America,2088,63,35-39,24425539.5
United States of America,2088,64,40-44,24779425.5
United States of America,2088,69,45-49,24839127.5
United States of America,2088,66,50-54,24236690
United States of America,2088,68,55-59,23377611.5
United States of America,2088,60,60-64,22622461
United States of America,2089,67,15-19,21314244.5
United States of America,2089,75,20-24,23445012.5
United States of America,2089,57,25-29,24415265.5
United States of America,2089,62,30-34,24307760
United States of America,2089,63,35-39,24363694.5
United States of America,2089,64,40-44,24702765
United States of America,2089,69,45-49,24861882.5
United States of America,2089,66,50-54,24373459
United States of America,2089,68,55-59,23499245
United States of America,2089,60,60-64,22700929.5
United States of America,2090,67,15-19,21332275.5
United States of America,2090,75,20-24,23521354
United States of America,2090,57,25-29,24481548
United States of America,2090,62,30-34,24323658.5
United States of America,2090,63,35-39,24310717.5
United States of America,2090,64,40-44,24615273
United States of America,2090,69,45-49,24859343
United States of America,2090,66,50-54,24499860.5
United States of America,2090,68,55-59,23627023.5
United States of America,2090,60,60-64,22784356.5
United States of America,2091,67,15-19,21342203.5
United States of America,2091,75,20-24,23590412.5
United States of America,2091,57,25-29,24553453
United States of America,2091,62,30-34,24351839
United States of America,2091,63,35-39,24270981.5
United States of America,2091,64,40-44,24526815
United States of America,2091,69,45-49,24834661
United States of America,2091,66,50-54,24604768
United States of America,2091,68,55-59,23765416.5
United States of America,2091,60,60-64,22876263.5
United States of America,2092,67,15-19,21347616.5
United States of America,2092,75,20-24,23650198.5
United States of America,2092,57,25-29,24633900
United States of America,2092,62,30-34,24391871
United States of America,2092,63,35-39,24248068
United States of America,2092,64,40-44,24445623.5
United States of America,2092,69,45-49,24787414
United States of America,2092,66,50-54,24685181.5
United States of America,2092,68,55-59,23909619.5
United States of America,2092,60,60-64,22979694.5
United States of America,2093,67,15-19,21348973.5
United States of America,2093,75,20-24,23695779
United States of America,2093,57,25-29,24716239
United States of America,2093,62,30-34,24442308
United States of America,2093,63,35-39,24237275
United States of America,2093,64,40-44,24372155
United States of America,2093,69,45-49,24723588.5
United States of America,2093,66,50-54,24739065.5
United States of America,2093,68,55-59,24050899.5
United States of America,2093,60,60-64,23096600
United States of America,2094,67,15-19,21344972
United States of America,2094,75,20-24,23729360.5
United States of America,2094,57,25-29,24798235
United States of America,2094,62,30-34,24503544
United States of America,2094,63,35-39,24239677
United States of America,2094,64,40-44,24309846
United States of America,2094,69,45-49,24647773.5
United States of America,2094,66,50-54,24763480
United States of America,2094,68,55-59,24189723
United States of America,2094,60,60-64,23221668.5
United States of America,2095,67,15-19,21330964
United States of America,2095,75,20-24,23752619.5
United States of America,2095,57,25-29,24878556
United States of America,2095,62,30-34,24571868
United States of America,2095,63,35-39,24257416
United States of America,2095,64,40-44,24258936
United States of America,2095,69,45-49,24562846
United States of America,2095,66,50-54,24763942
United States of America,2095,68,55-59,24319164.5
United States of America,2095,60,60-64,23353504
United States of America,2096,67,15-19,21307309.5
United States of America,2096,75,20-24,23763601
United States of America,2096,57,25-29,24946479
United States of America,2096,62,30-34,24642242.5
United States of America,2096,63,35-39,24285167.5
United States of America,2096,64,40-44,24219755
United States of America,2096,69,45-49,24475929.5
United States of America,2096,66,50-54,24741628
United States of America,2096,68,55-59,24426708.5
United States of America,2096,60,60-64,23495251
United States of America,2097,67,15-19,21276796.5
United States of America,2097,75,20-24,23767899.5
United States of America,2097,57,25-29,25000985.5
United States of America,2097,62,30-34,24716954.5
United States of America,2097,63,35-39,24321899
United States of America,2097,64,40-44,24195519.5
United States of America,2097,69,45-49,24395028
United States of America,2097,66,50-54,24696019
United States of America,2097,68,55-59,24509345
United States of America,2097,60,60-64,23642179
United States of America,2098,67,15-19,21240856
United States of America,2098,75,20-24,23767650
United States of America,2098,57,25-29,25040632.5
United States of America,2098,62,30-34,24793197.5
United States of America,2098,63,35-39,24368819
United States of America,2098,64,40-44,24183229.5
United States of America,2098,69,45-49,24321698
United States of America,2098,66,50-54,24633833
United States of America,2098,68,55-59,24565635
United States of America,2098,60,60-64,23786153.5
United States of America,2099,67,15-19,21204028
United States of America,2099,75,20-24,23760988
United States of America,2099,57,25-29,25066138.5
United States of America,2099,62,30-34,24866745
United States of America,2099,63,35-39,24424895
United States of America,2099,64,40-44,24183049.5
United States of America,2099,69,45-49,24258771.5
United States of America,2099,66,50-54,24559211.5
United States of America,2099,68,55-59,24592345
United States of America,2099,60,60-64,23927360
United States of America,2100,67,15-19,21170809.5
United States of America,2100,75,20-24,23742590.5
United States of America,2100,57,25-29,25078369.5
United States of America,2100,62,30-34,24935491
United States of America,2100,63,35-39,24485869.5
United States of America,2100,64,40-44,24196759.5
United States of America,2100,69,45-49,24206260.5
United States of America,2100,66,50-54,24474867.5
United States of America,2100,68,55-59,24594831.5
United States of America,2100,60,60-64,24058903.5
