Location,Time,Value
United States of America,2024,344783509.5
United States of America,2025,345364806
United States of America,2026,345891126.5
United States of America,2027,346358121
United States of America,2028,346764267
United States of America,2029,347110756.5
United States of America,2030,347397224
United States of America,2031,347619298.5
United States of America,2032,347775030.5
United States of America,2033,347867190.5
United States of America,2034,347892532
United States of America,2035,347850454.5
United States of America,2036,347745364
United States of America,2037,347574771.5
United States of America,2038,347336832.5
United States of America,2039,347032340.5
United States of America,2040,346659475
United States of America,2041,346216361
United States of America,2042,345701606
United States of America,2043,345117052
United States of America,2044,344464965
United States of America,2045,343751213.5
United States of America,2046,342977210.5
United States of America,2047,342139466.5
United States of America,2048,341241080.5
United States of America,2049,340287957
United States of America,2050,339286295.5
United States of America,2051,338241688
United States of America,2052,337160794
United States of America,2053,336050086.5
United States of America,2054,334914511
United States of America,2055,333760629.5
United States of America,2056,332594804
United States of America,2057,331418168
United States of America,2058,330232454.5
United States of America,2059,329041173.5
United States of America,2060,327850344
United States of America,2061,326661352
United States of America,2062,325469672
United States of America,2063,324274384
United States of America,2064,323074828.5
United States of America,2065,321868717.5
United States of America,2066,320653136
United States of America,2067,319424742
United States of America,2068,318177337.5
United States of America,2069,316908090
United States of America,2070,315616796.5
United States of America,2071,314295719.5
United States of America,2072,312939581.5
United States of America,2073,311547340
United States of America,2074,310120225.5
United States of America,2075,308659657
United States of America,2076,307162995.5
United States of America,2077,305631800.5
United States of America,2078,304071678
United States of America,2079,302482081
United States of America,2080,300863184
United States of America,2081,299219547.5
United States of America,2082,297555141.5
United States of America,2083,295873425
United States of America,2084,294179894.5
United States of America,2085,292482192
United States of America,2086,290783787
United States of America,2087,289086398
United States of America,2088,287393386.5
United States of America,2089,285708405.5
United States of America,2090,284033695.5
United States of America,2091,282367461
United States of America,2092,280709660.5
United States of America,2093,279061292
United States of America,2094,277419834
United States of America,2095,275784845.5
United States of America,2096,274153908
United States of America,2097,272526734
United States of America,2098,270902871
United States of America,2099,269280834
United States of America,2100,267662822.5
