Variant,"Region, subregion, country or area *",2020,2021,2022,2023,2024,2025,2026,2027,2028,2029,2030,2031,2032,2033,2034,2035,2036,2037,2038,2039,2040,2041,2042,2043,2044,2045,2046,2047,2048,2049,2050,2051,2052,2053,2054,2055,2056,2057,2058,2059,2060,2061,2062,2063,2064,2065,2066,2067,2068,2069,2070,2071,2072,2073,2074,2075,2076,2077,2078,2079,2080,2081,2082,2083,2084,2085,2086,2087,2088,2089,2090,2091,2092,2093,2094,2095,2096,2097,2098,2099,2100
Medium variant,WORLD, 7 794 799, 7 874 966, 7 953 953, 8 031 800, 8 108 605, 8 184 437, 8 259 277, 8 333 078, 8 405 863, 8 477 661, 8 548 487, 8 618 349, 8 687 228, 8 755 084, 8 821 863, 8 887 524, 8 952 049, 9 015 438, 9 077 694, 9 138 829, 9 198 847, 9 257 745, 9 315 508, 9 372 118, 9 427 555, 9 481 803, 9 534 855, 9 586 708, 9 637 357, 9 686 800, 9 735 034, 9 782 062, 9 827 885, 9 872 502, 9 915 905, 9 958 099, 9 999 085, 10 038 881, 10 077 518, 10 115 036, 10 151 470, 10 186 837, 10 221 149, 10 254 419, 10 286 658, 10 317 879, 10 348 098, 10 377 331, 10 405 591, 10 432 889, 10 459 240, 10 484 655, 10 509 150, 10 532 743, 10 555 450, 10 577 288, 10 598 274, 10 618 421, 10 637 737, 10 656 228, 10 673 904, 10 690 773, 10 706 852, 10 722 171, 10 736 765, 10 750 662, 10 763 874, 10 776 402, 10 788 249, 10 799 413, 10 809 892, 10 819 683, 10 828 781, 10 837 182, 10 844 879, 10 851 860, 10 858 112, 10 863 615, 10 868 348, 10 872 284, 10 875 394
Medium variant,India, 1 380 004, 1 393 409, 1 406 632, 1 419 656, 1 432 456, 1 445 012, 1 457 309, 1 469 339, 1 481 083, 1 492 524, 1 503 642, 1 514 427, 1 524 862, 1 534 914, 1 544 544, 1 553 724, 1 562 439, 1 570 690, 1 578 478, 1 585 809, 1 592 692, 1 599 124, 1 605 109, 1 610 670, 1 615 832, 1 620 619, 1 625 039, 1 629 096, 1 632 799, 1 636 157, 1 639 176, 1 641 863, 1 644 222, 1 646 251, 1 647 944, 1 649 298, 1 650 315, 1 650 997, 1 651 342, 1 651 350, 1 651 019, 1 650 351, 1 649 349, 1 648 010, 1 646 330, 1 644 309, 1 641 950, 1 639 261, 1 636 254, 1 632 938, 1 629 326, 1 625 426, 1 621 252, 1 616 820, 1 612 152, 1 607 269, 1 602 183, 1 596 906, 1 591 450, 1 585 825, 1 580 044, 1 574 116, 1 568 053, 1 561 873, 1 555 591, 1 549 224, 1 542 781, 1 536 270, 1 529 693, 1 523 047, 1 516 335, 1 509 561, 1 502 732, 1 495 858, 1 488 949, 1 482 011, 1 475 052, 1 468 074, 1 461 078, 1 454 063, 1 447 026
Medium variant,China, 1 439 324, 1 444 216, 1 448 471, 1 452 128, 1 455 255, 1 457 908, 1 460 092, 1 461 798, 1 463 053, 1 463 891, 1 464 340, 1 464 418, 1 464 130, 1 463 481, 1 462 465, 1 461 083, 1 459 341, 1 457 252, 1 454 828, 1 452 084, 1 449 031, 1 445 680, 1 442 035, 1 438 095, 1 433 854, 1 429 312, 1 424 477, 1 419 359, 1 413 967, 1 408 312, 1 402 405, 1 396 258, 1 389 884, 1 383 303, 1 376 533, 1 369 594, 1 362 502, 1 355 273, 1 347 934, 1 340 511, 1 333 031, 1 325 508, 1 317 954, 1 310 389, 1 302 827, 1 295 285, 1 287 772, 1 280 295, 1 272 854, 1 265 441, 1 258 054, 1 250 698, 1 243 376, 1 236 086, 1 228 822, 1 221 580, 1 214 364, 1 207 179, 1 200 032, 1 192 934, 1 185 891, 1 178 909, 1 171 994, 1 165 160, 1 158 424, 1 151 799, 1 145 289, 1 138 893, 1 132 619, 1 126 476, 1 120 467, 1 114 587, 1 108 828, 1 103 174, 1 097 610, 1 092 115, 1 086 671, 1 081 258, 1 075 855, 1 070 441, 1 064 993
Medium variant,Japan,  126 476,  126 051,  125 585,  125 081,  124 544,  123 976,  123 379,  122 755,  122 107,  121 441,  120 758,  120 063,  119 355,  118 637,  117 907,  117 166,  116 416,  115 657,  114 893,  114 125,  113 356,  112 587,  111 818,  111 052,  110 288,  109 529,  108 775,  108 026,  107 281,  106 541,  105 804,  105 071,  104 340,  103 610,  102 875,  102 135,  101 387,  100 633,  99 872,  99 102,  98 326,  97 542,  96 752,  95 957,  95 161,  94 366,  93 574,  92 785,  92 003,  91 231,  90 472,  89 727,  88 997,  88 286,  87 595,  86 927,  86 283,  85 664,  85 066,  84 487,  83 925,  83 378,  82 847,  82 331,  81 828,  81 338,  80 860,  80 393,  79 936,  79 488,  79 047,  78 613,  78 186,  77 765,  77 349,  76 939,  76 534,  76 134,  75 739,  75 347,  74 959
Medium variant,EUROPE AND NORTHERN AMERICA, 1 116 506, 1 118 855, 1 120 862, 1 122 598, 1 124 166, 1 125 642, 1 127 052, 1 128 383, 1 129 639, 1 130 814, 1 131 901, 1 132 912, 1 133 854, 1 134 718, 1 135 488, 1 136 152, 1 136 711, 1 137 167, 1 137 528, 1 137 799, 1 137 988, 1 138 096, 1 138 123, 1 138 072, 1 137 944, 1 137 739, 1 137 461, 1 137 114, 1 136 701, 1 136 224, 1 135 687, 1 135 094, 1 134 449, 1 133 760, 1 133 031, 1 132 268, 1 131 478, 1 130 665, 1 129 837, 1 129 003, 1 128 170, 1 127 342, 1 126 525, 1 125 725, 1 124 947, 1 124 198, 1 123 481, 1 122 799, 1 122 152, 1 121 539, 1 120 960, 1 120 416, 1 119 909, 1 119 439, 1 119 007, 1 118 613, 1 118 256, 1 117 939, 1 117 661, 1 117 424, 1 117 228, 1 117 073, 1 116 959, 1 116 886, 1 116 854, 1 116 863, 1 116 911, 1 116 997, 1 117 120, 1 117 276, 1 117 465, 1 117 684, 1 117 929, 1 118 198, 1 118 488, 1 118 796, 1 119 117, 1 119 448, 1 119 784, 1 120 120, 1 120 451
Medium variant,EUROPE,  747 636,  747 747,  747 544,  747 090,  746 481,  745 791,  745 041,  744 219,  743 327,  742 356,  741 303,  740 175,  738 985,  737 739,  736 443,  735 101,  733 717,  732 293,  730 833,  729 338,  727 811,  726 252,  724 661,  723 037,  721 374,  719 669,  717 922,  716 133,  714 299,  712 417,  710 486,  708 507,  706 480,  704 406,  702 286,  700 121,  697 913,  695 669,  693 394,  691 099,  688 790,  686 475,  684 158,  681 848,  679 558,  677 295,  675 066,  672 876,  670 730,  668 634,  666 591,  664 605,  662 680,  660 817,  659 018,  657 283,  655 615,  654 012,  652 474,  651 000,  649 589,  648 238,  646 946,  645 711,  644 530,  643 399,  642 316,  641 277,  640 278,  639 310,  638 369,  637 449,  636 547,  635 661,  634 786,  633 921,  633 060,  632 199,  631 334,  630 457,  629 563
Medium variant,Eastern Europe,  293 013,  292 487,  291 863,  291 152,  290 369,  289 526,  288 627,  287 674,  286 670,  285 622,  284 535,  283 412,  282 261,  281 088,  279 902,  278 712,  277 522,  276 333,  275 152,  273 981,  272 824,  271 683,  270 558,  269 449,  268 354,  267 270,  266 198,  265 136,  264 081,  263 030,  261 977,  260 923,  259 865,  258 801,  257 727,  256 640,  255 540,  254 426,  253 300,  252 160,  251 009,  249 848,  248 677,  247 501,  246 323,  245 147,  243 975,  242 811,  241 660,  240 527,  239 419,  238 337,  237 284,  236 263,  235 278,  234 330,  233 422,  232 554,  231 726,  230 938,  230 188,  229 477,  228 802,  228 162,  227 554,  226 973,  226 418,  225 887,  225 375,  224 877,  224 387,  223 904,  223 423,  222 945,  222 466,  221 985,  221 501,  221 009,  220 507,  219 991,  219 456
Medium variant,Belarus,  9 449,  9 443,  9 433,  9 419,  9 404,  9 385,  9 365,  9 343,  9 319,  9 293,  9 265,  9 235,  9 204,  9 172,  9 139,  9 106,  9 072,  9 038,  9 004,  8 971,  8 938,  8 905,  8 873,  8 842,  8 811,  8 781,  8 751,  8 722,  8 692,  8 663,  8 634,  8 605,  8 576,  8 547,  8 518,  8 488,  8 458,  8 427,  8 396,  8 365,  8 333,  8 300,  8 268,  8 234,  8 201,  8 168,  8 134,  8 101,  8 067,  8 034,  8 002,  7 970,  7 939,  7 909,  7 879,  7 851,  7 824,  7 798,  7 773,  7 750,  7 728,  7 707,  7 688,  7 670,  7 653,  7 637,  7 622,  7 608,  7 594,  7 582,  7 569,  7 557,  7 544,  7 532,  7 519,  7 506,  7 493,  7 478,  7 463,  7 447,  7 430
Medium variant,Bulgaria,  6 948,  6 897,  6 845,  6 792,  6 740,  6 686,  6 633,  6 579,  6 526,  6 471,  6 417,  6 362,  6 307,  6 251,  6 196,  6 141,  6 087,  6 032,  5 979,  5 926,  5 873,  5 822,  5 771,  5 721,  5 671,  5 623,  5 574,  5 527,  5 479,  5 432,  5 385,  5 339,  5 293,  5 246,  5 200,  5 154,  5 108,  5 062,  5 016,  4 969,  4 923,  4 878,  4 832,  4 787,  4 742,  4 697,  4 653,  4 610,  4 567,  4 525,  4 484,  4 444,  4 404,  4 366,  4 328,  4 291,  4 255,  4 220,  4 187,  4 154,  4 122,  4 091,  4 062,  4 033,  4 004,  3 977,  3 950,  3 924,  3 898,  3 872,  3 847,  3 821,  3 796,  3 770,  3 745,  3 719,  3 693,  3 667,  3 641,  3 615,  3 588
Medium variant,Czechia,  10 709,  10 725,  10 737,  10 746,  10 752,  10 757,  10 759,  10 759,  10 756,  10 752,  10 745,  10 736,  10 726,  10 714,  10 702,  10 689,  10 676,  10 663,  10 650,  10 637,  10 626,  10 615,  10 605,  10 596,  10 587,  10 579,  10 572,  10 565,  10 559,  10 552,  10 546,  10 538,  10 531,  10 523,  10 513,  10 503,  10 491,  10 478,  10 463,  10 447,  10 430,  10 411,  10 391,  10 370,  10 348,  10 326,  10 303,  10 281,  10 258,  10 237,  10 217,  10 198,  10 180,  10 164,  10 150,  10 138,  10 128,  10 120,  10 115,  10 111,  10 109,  10 109,  10 111,  10 114,  10 119,  10 125,  10 132,  10 140,  10 149,  10 158,  10 168,  10 179,  10 190,  10 201,  10 212,  10 224,  10 235,  10 245,  10 255,  10 265,  10 274
Medium variant,Hungary,  9 660,  9 634,  9 606,  9 577,  9 546,  9 514,  9 482,  9 448,  9 413,  9 376,  9 338,  9 299,  9 259,  9 218,  9 175,  9 132,  9 088,  9 043,  8 998,  8 952,  8 907,  8 861,  8 816,  8 771,  8 726,  8 682,  8 638,  8 595,  8 553,  8 511,  8 470,  8 430,  8 389,  8 350,  8 310,  8 270,  8 231,  8 191,  8 151,  8 111,  8 071,  8 030,  7 989,  7 948,  7 906,  7 865,  7 823,  7 782,  7 740,  7 700,  7 660,  7 620,  7 582,  7 544,  7 507,  7 472,  7 437,  7 403,  7 371,  7 339,  7 309,  7 279,  7 251,  7 223,  7 197,  7 171,  7 145,  7 121,  7 097,  7 074,  7 051,  7 029,  7 008,  6 987,  6 967,  6 948,  6 929,  6 910,  6 892,  6 874,  6 857
Medium variant,Poland,  37 847,  37 797,  37 740,  37 674,  37 599,  37 515,  37 420,  37 315,  37 200,  37 076,  36 945,  36 805,  36 658,  36 504,  36 343,  36 178,  36 007,  35 832,  35 652,  35 469,  35 283,  35 093,  34 900,  34 706,  34 509,  34 310,  34 109,  33 907,  33 704,  33 500,  33 295,  33 089,  32 882,  32 674,  32 465,  32 254,  32 041,  31 826,  31 609,  31 390,  31 168,  30 943,  30 716,  30 486,  30 253,  30 017,  29 777,  29 535,  29 291,  29 045,  28 798,  28 551,  28 304,  28 058,  27 814,  27 572,  27 333,  27 097,  26 866,  26 639,  26 417,  26 200,  25 989,  25 784,  25 585,  25 392,  25 204,  25 023,  24 847,  24 676,  24 510,  24 348,  24 189,  24 035,  23 884,  23 737,  23 592,  23 450,  23 310,  23 171,  23 033
Medium variant,Republic of Moldova,  4 034,  4 024,  4 013,  4 001,  3 988,  3 974,  3 959,  3 942,  3 925,  3 906,  3 886,  3 865,  3 843,  3 820,  3 796,  3 772,  3 747,  3 721,  3 695,  3 668,  3 641,  3 614,  3 586,  3 559,  3 531,  3 503,  3 475,  3 446,  3 418,  3 389,  3 360,  3 331,  3 302,  3 273,  3 243,  3 213,  3 183,  3 152,  3 122,  3 091,  3 059,  3 027,  2 995,  2 963,  2 930,  2 897,  2 864,  2 831,  2 798,  2 765,  2 732,  2 699,  2 666,  2 634,  2 603,  2 571,  2 541,  2 511,  2 482,  2 454,  2 426,  2 400,  2 374,  2 349,  2 325,  2 302,  2 279,  2 257,  2 236,  2 215,  2 195,  2 175,  2 156,  2 137,  2 118,  2 100,  2 082,  2 065,  2 047,  2 029,  2 012
Medium variant,Romania,  19 238,  19 128,  19 031,  18 944,  18 860,  18 773,  18 683,  18 591,  18 497,  18 402,  18 306,  18 210,  18 112,  18 014,  17 915,  17 815,  17 714,  17 613,  17 512,  17 409,  17 307,  17 203,  17 100,  16 995,  16 891,  16 786,  16 682,  16 577,  16 471,  16 366,  16 260,  16 153,  16 046,  15 939,  15 831,  15 723,  15 614,  15 504,  15 394,  15 284,  15 175,  15 065,  14 956,  14 848,  14 740,  14 634,  14 529,  14 426,  14 324,  14 224,  14 126,  14 030,  13 937,  13 846,  13 756,  13 668,  13 583,  13 498,  13 416,  13 335,  13 256,  13 179,  13 103,  13 028,  12 955,  12 882,  12 811,  12 741,  12 671,  12 603,  12 535,  12 468,  12 401,  12 336,  12 270,  12 205,  12 140,  12 075,  12 009,  11 944,  11 878
Medium variant,Russian Federation,  145 934,  145 912,  145 806,  145 629,  145 399,  145 133,  144 834,  144 503,  144 142,  143 756,  143 348,  142 921,  142 480,  142 032,  141 581,  141 133,  140 691,  140 257,  139 835,  139 425,  139 031,  138 654,  138 294,  137 949,  137 618,  137 299,  136 990,  136 691,  136 400,  136 112,  135 824,  135 536,  135 246,  134 952,  134 653,  134 346,  134 030,  133 707,  133 376,  133 037,  132 692,  132 341,  131 984,  131 625,  131 266,  130 910,  130 557,  130 209,  129 870,  129 542,  129 229,  128 933,  128 654,  128 393,  128 152,  127 933,  127 735,  127 558,  127 403,  127 267,  127 150,  127 051,  126 969,  126 902,  126 848,  126 805,  126 772,  126 747,  126 726,  126 708,  126 688,  126 665,  126 637,  126 604,  126 565,  126 520,  126 466,  126 403,  126 330,  126 244,  126 143
Medium variant,Slovakia,  5 460,  5 461,  5 460,  5 458,  5 455,  5 450,  5 443,  5 436,  5 426,  5 416,  5 403,  5 390,  5 375,  5 358,  5 341,  5 322,  5 302,  5 282,  5 261,  5 239,  5 217,  5 194,  5 171,  5 148,  5 125,  5 101,  5 078,  5 054,  5 031,  5 007,  4 984,  4 960,  4 936,  4 912,  4 888,  4 864,  4 839,  4 814,  4 788,  4 762,  4 735,  4 708,  4 680,  4 652,  4 623,  4 594,  4 564,  4 534,  4 504,  4 473,  4 443,  4 413,  4 383,  4 354,  4 325,  4 297,  4 269,  4 243,  4 217,  4 192,  4 168,  4 144,  4 122,  4 101,  4 080,  4 061,  4 042,  4 024,  4 007,  3 990,  3 974,  3 958,  3 943,  3 928,  3 914,  3 900,  3 886,  3 872,  3 858,  3 844,  3 829
Medium variant,Ukraine,  43 734,  43 467,  43 192,  42 911,  42 626,  42 339,  42 049,  41 759,  41 467,  41 175,  40 882,  40 589,  40 297,  40 005,  39 714,  39 425,  39 138,  38 852,  38 567,  38 284,  38 002,  37 722,  37 442,  37 163,  36 884,  36 606,  36 329,  36 051,  35 774,  35 497,  35 219,  34 941,  34 663,  34 385,  34 106,  33 826,  33 546,  33 265,  32 984,  32 703,  32 423,  32 144,  31 865,  31 588,  31 313,  31 041,  30 771,  30 504,  30 241,  29 982,  29 728,  29 478,  29 234,  28 996,  28 763,  28 537,  28 317,  28 104,  27 897,  27 697,  27 503,  27 315,  27 134,  26 958,  26 788,  26 622,  26 461,  26 304,  26 150,  25 999,  25 851,  25 704,  25 558,  25 414,  25 271,  25 128,  24 986,  24 844,  24 701,  24 558,  24 413
Medium variant,Northern Europe,  106 261,  106 713,  107 128,  107 515,  107 887,  108 253,  108 615,  108 972,  109 323,  109 663,  109 990,  110 305,  110 610,  110 904,  111 190,  111 467,  111 736,  111 997,  112 252,  112 502,  112 749,  112 993,  113 233,  113 470,  113 701,  113 928,  114 148,  114 363,  114 571,  114 770,  114 960,  115 140,  115 310,  115 471,  115 623,  115 766,  115 901,  116 028,  116 149,  116 265,  116 377,  116 487,  116 594,  116 700,  116 807,  116 916,  117 026,  117 139,  117 254,  117 371,  117 487,  117 605,  117 723,  117 842,  117 960,  118 076,  118 190,  118 303,  118 415,  118 524,  118 633,  118 741,  118 847,  118 954,  119 061,  119 170,  119 281,  119 393,  119 508,  119 626,  119 747,  119 870,  119 997,  120 125,  120 256,  120 387,  120 520,  120 652,  120 784,  120 915,  121 044
Medium variant,Channel Islands,174,175,176,178,179,180,181,182,183,184,185,186,187,188,189,190,190,191,192,193,194,194,195,196,196,197,197,198,198,199,199,200,200,201,201,202,202,202,203,203,203,204,204,204,205,205,205,206,206,207,207,207,208,208,209,209,210,210,211,211,212,212,213,213,214,214,215,215,216,216,217,217,218,218,219,219,220,221,221,222,223
Medium variant,Denmark,  5 792,  5 813,  5 835,  5 857,  5 879,  5 900,  5 922,  5 943,  5 963,  5 983,  6 002,  6 020,  6 037,  6 054,  6 069,  6 084,  6 098,  6 111,  6 123,  6 135,  6 147,  6 157,  6 168,  6 178,  6 188,  6 197,  6 207,  6 216,  6 226,  6 236,  6 245,  6 255,  6 266,  6 276,  6 286,  6 297,  6 308,  6 320,  6 331,  6 343,  6 355,  6 367,  6 380,  6 393,  6 406,  6 420,  6 433,  6 447,  6 461,  6 475,  6 490,  6 504,  6 519,  6 533,  6 548,  6 562,  6 576,  6 590,  6 603,  6 616,  6 630,  6 642,  6 655,  6 667,  6 679,  6 691,  6 702,  6 713,  6 725,  6 736,  6 747,  6 759,  6 770,  6 782,  6 795,  6 807,  6 820,  6 832,  6 845,  6 859,  6 873
Medium variant,Estonia,  1 327,  1 325,  1 322,  1 317,  1 312,  1 307,  1 302,  1 296,  1 291,  1 286,  1 280,  1 274,  1 268,  1 262,  1 256,  1 249,  1 243,  1 237,  1 231,  1 225,  1 219,  1 213,  1 207,  1 201,  1 195,  1 189,  1 183,  1 177,  1 171,  1 165,  1 158,  1 152,  1 146,  1 139,  1 133,  1 126,  1 119,  1 112,  1 106,  1 099,  1 092,  1 084,  1 077,  1 070,  1 062,  1 055,  1 047,  1 040,  1 032,  1 025,  1 017,  1 010,  1 002,995,987,980,973,966,959,952,946,939,933,927,920,914,909,903,897,892,887,882,877,872,867,862,857,853,848,843,838
Medium variant,Faroe Islands,49,49,49,49,50,50,50,50,50,51,51,51,51,52,52,52,52,52,52,53,53,53,53,53,53,53,53,53,53,53,53,54,54,54,54,54,54,54,54,54,54,54,54,54,54,55,55,55,55,55,55,55,55,55,55,55,55,55,55,55,56,56,56,56,56,56,56,56,56,56,56,56,56,55,55,55,55,55,55,55,55
Medium variant,Finland,  5 541,  5 548,  5 555,  5 561,  5 565,  5 570,  5 573,  5 576,  5 578,  5 580,  5 581,  5 581,  5 580,  5 579,  5 577,  5 574,  5 571,  5 567,  5 562,  5 557,  5 552,  5 546,  5 540,  5 534,  5 527,  5 521,  5 514,  5 507,  5 500,  5 493,  5 486,  5 479,  5 472,  5 465,  5 458,  5 452,  5 445,  5 439,  5 433,  5 427,  5 422,  5 417,  5 412,  5 408,  5 405,  5 401,  5 398,  5 395,  5 392,  5 389,  5 386,  5 383,  5 380,  5 376,  5 372,  5 368,  5 364,  5 359,  5 354,  5 349,  5 344,  5 339,  5 333,  5 328,  5 322,  5 317,  5 311,  5 306,  5 300,  5 295,  5 290,  5 286,  5 281,  5 277,  5 273,  5 269,  5 266,  5 263,  5 260,  5 257,  5 254
Medium variant,Iceland,341,343,345,347,349,351,353,355,356,358,360,361,363,364,365,367,368,369,370,371,372,373,373,374,375,375,376,376,376,376,377,377,377,377,377,377,377,377,377,377,376,376,376,376,376,375,375,375,375,374,374,374,373,373,372,372,371,371,370,369,369,368,367,366,366,365,364,363,363,362,361,360,359,359,358,357,356,356,355,354,353
Medium variant,Ireland,  4 938,  4 983,  5 020,  5 052,  5 080,  5 109,  5 138,  5 167,  5 195,  5 222,  5 248,  5 274,  5 299,  5 324,  5 348,  5 372,  5 396,  5 420,  5 443,  5 466,  5 489,  5 511,  5 533,  5 555,  5 575,  5 595,  5 614,  5 632,  5 648,  5 664,  5 678,  5 690,  5 701,  5 711,  5 719,  5 725,  5 731,  5 734,  5 737,  5 738,  5 739,  5 738,  5 737,  5 734,  5 732,  5 728,  5 725,  5 721,  5 717,  5 713,  5 710,  5 707,  5 703,  5 701,  5 699,  5 697,  5 696,  5 696,  5 696,  5 697,  5 698,  5 699,  5 702,  5 704,  5 706,  5 709,  5 711,  5 713,  5 715,  5 717,  5 717,  5 717,  5 717,  5 715,  5 713,  5 710,  5 706,  5 702,  5 697,  5 691,  5 685
Medium variant,Isle of Man,85,85,86,86,86,87,87,87,87,88,88,88,89,89,89,89,89,90,90,90,90,90,90,90,91,91,91,91,91,91,91,91,91,91,91,91,91,91,91,91,91,91,91,91,91,91,91,92,92,92,92,92,92,93,93,93,93,93,93,94,94,94,94,94,94,94,95,95,95,95,95,95,95,95,95,96,96,96,96,96,96
Medium variant,Latvia,  1 886,  1 867,  1 849,  1 832,  1 815,  1 799,  1 782,  1 767,  1 751,  1 735,  1 720,  1 705,  1 690,  1 676,  1 661,  1 647,  1 634,  1 621,  1 608,  1 596,  1 584,  1 572,  1 561,  1 549,  1 539,  1 528,  1 518,  1 508,  1 498,  1 489,  1 479,  1 470,  1 460,  1 451,  1 442,  1 432,  1 423,  1 413,  1 404,  1 394,  1 384,  1 375,  1 365,  1 355,  1 346,  1 336,  1 327,  1 317,  1 308,  1 299,  1 290,  1 282,  1 274,  1 266,  1 258,  1 250,  1 243,  1 237,  1 230,  1 224,  1 218,  1 212,  1 206,  1 200,  1 195,  1 190,  1 185,  1 179,  1 174,  1 169,  1 164,  1 159,  1 155,  1 150,  1 145,  1 140,  1 135,  1 130,  1 125,  1 120,  1 114
Medium variant,Lithuania,  2 722,  2 690,  2 662,  2 637,  2 614,  2 591,  2 569,  2 548,  2 526,  2 505,  2 485,  2 464,  2 443,  2 423,  2 402,  2 382,  2 362,  2 342,  2 322,  2 303,  2 284,  2 266,  2 248,  2 231,  2 214,  2 198,  2 182,  2 166,  2 151,  2 136,  2 121,  2 106,  2 091,  2 076,  2 061,  2 046,  2 031,  2 016,  2 000,  1 985,  1 969,  1 954,  1 938,  1 923,  1 907,  1 892,  1 877,  1 862,  1 848,  1 834,  1 820,  1 806,  1 793,  1 780,  1 768,  1 756,  1 744,  1 733,  1 723,  1 713,  1 703,  1 693,  1 683,  1 674,  1 665,  1 656,  1 647,  1 638,  1 630,  1 621,  1 612,  1 603,  1 594,  1 586,  1 577,  1 568,  1 559,  1 550,  1 542,  1 533,  1 524
Medium variant,Norway,  5 421,  5 466,  5 511,  5 558,  5 605,  5 651,  5 697,  5 742,  5 787,  5 832,  5 876,  5 919,  5 961,  6 003,  6 044,  6 084,  6 123,  6 161,  6 199,  6 235,  6 271,  6 307,  6 342,  6 376,  6 409,  6 442,  6 475,  6 507,  6 538,  6 570,  6 600,  6 631,  6 661,  6 691,  6 720,  6 749,  6 778,  6 807,  6 836,  6 864,  6 892,  6 920,  6 949,  6 977,  7 005,  7 033,  7 061,  7 090,  7 118,  7 146,  7 175,  7 203,  7 232,  7 260,  7 288,  7 316,  7 344,  7 371,  7 398,  7 425,  7 452,  7 478,  7 503,  7 529,  7 554,  7 579,  7 603,  7 628,  7 653,  7 677,  7 702,  7 726,  7 751,  7 776,  7 801,  7 826,  7 851,  7 876,  7 902,  7 927,  7 953
Medium variant,Sweden,  10 099,  10 160,  10 219,  10 276,  10 331,  10 385,  10 437,  10 488,  10 538,  10 585,  10 630,  10 673,  10 714,  10 753,  10 791,  10 828,  10 865,  10 901,  10 936,  10 972,  11 008,  11 045,  11 082,  11 120,  11 157,  11 196,  11 234,  11 273,  11 312,  11 351,  11 389,  11 427,  11 465,  11 502,  11 538,  11 573,  11 608,  11 642,  11 675,  11 707,  11 739,  11 771,  11 802,  11 833,  11 865,  11 896,  11 927,  11 959,  11 991,  12 024,  12 056,  12 089,  12 123,  12 156,  12 189,  12 222,  12 254,  12 287,  12 318,  12 350,  12 380,  12 410,  12 440,  12 469,  12 498,  12 527,  12 557,  12 586,  12 616,  12 647,  12 679,  12 711,  12 745,  12 779,  12 813,  12 848,  12 883,  12 918,  12 953,  12 988,  13 023
Medium variant,United Kingdom,  67 886,  68 207,  68 498,  68 766,  69 022,  69 274,  69 524,  69 772,  70 016,  70 255,  70 485,  70 709,  70 927,  71 140,  71 347,  71 549,  71 745,  71 936,  72 123,  72 306,  72 487,  72 665,  72 841,  73 014,  73 183,  73 346,  73 505,  73 659,  73 807,  73 948,  74 082,  74 208,  74 327,  74 438,  74 543,  74 642,  74 734,  74 822,  74 904,  74 984,  75 060,  75 135,  75 209,  75 281,  75 354,  75 428,  75 504,  75 581,  75 659,  75 737,  75 815,  75 893,  75 970,  76 046,  76 122,  76 195,  76 266,  76 335,  76 403,  76 469,  76 535,  76 599,  76 663,  76 727,  76 792,  76 859,  76 927,  76 997,  77 069,  77 144,  77 220,  77 299,  77 379,  77 461,  77 545,  77 630,  77 715,  77 801,  77 886,  77 971,  78 053
Medium variant,Southern Europe,  152 215,  151 945,  151 645,  151 316,  150 963,  150 588,  150 193,  149 778,  149 348,  148 908,  148 460,  148 006,  147 545,  147 078,  146 602,  146 115,  145 617,  145 108,  144 585,  144 047,  143 490,  142 914,  142 318,  141 700,  141 057,  140 389,  139 694,  138 973,  138 225,  137 449,  136 648,  135 820,  134 967,  134 091,  133 192,  132 271,  131 332,  130 376,  129 405,  128 424,  127 437,  126 445,  125 451,  124 460,  123 475,  122 499,  121 536,  120 587,  119 655,  118 743,  117 853,  116 985,  116 142,  115 324,  114 533,  113 768,  113 029,  112 317,  111 630,  110 966,  110 324,  109 703,  109 102,  108 518,  107 948,  107 391,  106 844,  106 307,  105 778,  105 256,  104 738,  104 225,  103 715,  103 208,  102 705,  102 205,  101 708,  101 214,  100 725,  100 240,  99 758
Medium variant,Albania,  2 878,  2 873,  2 866,  2 858,  2 850,  2 840,  2 831,  2 821,  2 810,  2 799,  2 787,  2 775,  2 763,  2 750,  2 736,  2 721,  2 705,  2 689,  2 671,  2 653,  2 634,  2 615,  2 595,  2 575,  2 555,  2 534,  2 512,  2 491,  2 469,  2 446,  2 424,  2 401,  2 379,  2 356,  2 332,  2 309,  2 286,  2 262,  2 239,  2 215,  2 191,  2 167,  2 143,  2 119,  2 094,  2 069,  2 045,  2 019,  1 994,  1 968,  1 942,  1 916,  1 889,  1 862,  1 834,  1 806,  1 777,  1 749,  1 719,  1 690,  1 660,  1 630,  1 599,  1 569,  1 538,  1 508,  1 478,  1 448,  1 418,  1 388,  1 359,  1 330,  1 301,  1 273,  1 246,  1 218,  1 192,  1 165,  1 139,  1 114,  1 088
Medium variant,Andorra,77,77,77,78,78,78,78,78,78,78,78,78,78,78,78,78,78,78,78,78,78,78,78,78,77,77,77,77,77,76,76,76,75,75,75,74,74,73,73,72,72,71,71,70,70,69,69,68,68,67,67,67,66,66,65,65,65,65,64,64,64,64,64,64,64,63,63,63,63,63,63,63,63,63,63,63,63,63,63,62,62
Medium variant,Bosnia and Herzegovina,  3 281,  3 263,  3 249,  3 237,  3 225,  3 212,  3 197,  3 181,  3 163,  3 145,  3 127,  3 108,  3 089,  3 070,  3 050,  3 030,  3 009,  2 988,  2 967,  2 945,  2 923,  2 901,  2 878,  2 855,  2 831,  2 808,  2 784,  2 759,  2 735,  2 710,  2 685,  2 660,  2 635,  2 610,  2 585,  2 560,  2 535,  2 511,  2 487,  2 463,  2 439,  2 415,  2 392,  2 369,  2 346,  2 323,  2 301,  2 278,  2 256,  2 234,  2 213,  2 191,  2 170,  2 148,  2 127,  2 106,  2 085,  2 064,  2 043,  2 023,  2 002,  1 982,  1 962,  1 942,  1 922,  1 903,  1 883,  1 864,  1 845,  1 827,  1 808,  1 790,  1 772,  1 755,  1 738,  1 721,  1 704,  1 688,  1 672,  1 656,  1 641
Medium variant,Croatia,  4 105,  4 082,  4 059,  4 038,  4 016,  3 994,  3 971,  3 948,  3 925,  3 901,  3 877,  3 853,  3 829,  3 805,  3 781,  3 756,  3 731,  3 706,  3 681,  3 655,  3 629,  3 603,  3 577,  3 551,  3 524,  3 498,  3 472,  3 445,  3 418,  3 392,  3 365,  3 338,  3 311,  3 284,  3 257,  3 230,  3 203,  3 176,  3 149,  3 122,  3 095,  3 068,  3 042,  3 015,  2 988,  2 962,  2 935,  2 909,  2 883,  2 856,  2 830,  2 805,  2 779,  2 754,  2 728,  2 704,  2 679,  2 655,  2 631,  2 608,  2 584,  2 562,  2 539,  2 517,  2 496,  2 474,  2 453,  2 432,  2 412,  2 391,  2 371,  2 351,  2 332,  2 313,  2 293,  2 275,  2 256,  2 237,  2 219,  2 201,  2 183
Medium variant,Gibraltar,34,34,34,34,34,34,34,34,34,34,34,34,34,34,34,34,34,34,34,34,34,34,34,34,34,34,34,34,34,34,34,34,34,34,34,34,34,33,33,33,33,33,33,33,33,32,32,32,32,32,32,32,32,31,31,31,31,31,31,30,30,30,30,30,30,30,29,29,29,29,29,29,29,28,28,28,28,28,28,27,27
Medium variant,Greece,  10 423,  10 371,  10 317,  10 262,  10 207,  10 155,  10 104,  10 055,  10 007,  9 962,  9 917,  9 874,  9 833,  9 792,  9 752,  9 712,  9 672,  9 632,  9 592,  9 551,  9 509,  9 467,  9 424,  9 380,  9 334,  9 287,  9 239,  9 189,  9 138,  9 084,  9 029,  8 972,  8 914,  8 854,  8 792,  8 729,  8 665,  8 600,  8 534,  8 467,  8 400,  8 333,  8 265,  8 198,  8 131,  8 065,  8 000,  7 936,  7 873,  7 811,  7 751,  7 693,  7 636,  7 581,  7 528,  7 477,  7 428,  7 381,  7 335,  7 291,  7 249,  7 208,  7 169,  7 131,  7 095,  7 059,  7 025,  6 992,  6 959,  6 927,  6 895,  6 863,  6 831,  6 799,  6 768,  6 737,  6 706,  6 675,  6 644,  6 614,  6 583
Medium variant,Holy See,1,1,1,1,1,1,1,1,1,1,1,1,1,1,1,1,1,1,1,1,1,1,1,1,1,1,1,1,1,1,1,1,1,1,1,1,1,1,1,1,1,1,1,1,1,1,1,1,1,1,1,1,1,1,1,1,1,1,1,1,1,1,1,1,1,1,1,1,1,1,1,1,1,1,1,1,1,1,1,1,1
Medium variant,Italy,  60 462,  60 367,  60 263,  60 148,  60 019,  59 877,  59 721,  59 556,  59 384,  59 208,  59 031,  58 854,  58 676,  58 498,  58 318,  58 136,  57 951,  57 763,  57 571,  57 370,  57 160,  56 940,  56 709,  56 465,  56 209,  55 939,  55 654,  55 355,  55 043,  54 718,  54 382,  54 035,  53 678,  53 312,  52 937,  52 553,  52 162,  51 766,  51 364,  50 961,  50 557,  50 153,  49 751,  49 353,  48 961,  48 578,  48 204,  47 840,  47 487,  47 145,  46 815,  46 496,  46 189,  45 894,  45 609,  45 335,  45 070,  44 815,  44 568,  44 328,  44 094,  43 864,  43 640,  43 419,  43 202,  42 988,  42 776,  42 566,  42 358,  42 152,  41 947,  41 744,  41 542,  41 341,  41 142,  40 944,  40 749,  40 555,  40 365,  40 177,  39 993
Medium variant,Malta,442,443,444,445,446,447,448,448,449,449,449,449,448,448,447,446,445,444,443,442,440,439,438,436,435,433,432,431,429,428,427,426,424,423,422,421,420,418,417,416,415,414,412,411,410,408,407,405,403,402,400,398,396,395,393,391,389,387,385,384,382,380,378,377,375,374,372,371,369,368,367,366,365,364,363,362,361,360,359,358,358
Medium variant,Montenegro,628,628,628,628,627,627,627,626,626,625,624,623,622,621,620,618,617,615,614,612,610,608,606,604,602,600,598,596,594,592,589,587,585,583,580,578,576,573,571,569,566,564,561,559,556,553,551,548,545,542,540,537,534,531,528,525,522,519,516,513,510,507,504,501,499,496,493,490,487,484,481,479,476,473,470,467,465,462,459,456,454
Medium variant,North Macedonia,  2 083,  2 083,  2 081,  2 079,  2 077,  2 074,  2 070,  2 066,  2 062,  2 056,  2 051,  2 044,  2 038,  2 030,  2 023,  2 014,  2 006,  1 996,  1 987,  1 977,  1 967,  1 957,  1 946,  1 935,  1 924,  1 913,  1 902,  1 891,  1 880,  1 868,  1 857,  1 845,  1 833,  1 822,  1 810,  1 797,  1 785,  1 773,  1 760,  1 747,  1 734,  1 721,  1 707,  1 694,  1 680,  1 667,  1 653,  1 639,  1 625,  1 611,  1 597,  1 582,  1 568,  1 554,  1 541,  1 527,  1 513,  1 500,  1 487,  1 474,  1 461,  1 448,  1 436,  1 424,  1 412,  1 401,  1 390,  1 379,  1 368,  1 357,  1 347,  1 337,  1 327,  1 317,  1 307,  1 297,  1 287,  1 278,  1 268,  1 259,  1 249
Medium variant,Portugal,  10 197,  10 168,  10 141,  10 114,  10 087,  10 060,  10 032,  10 004,  9 974,  9 944,  9 913,  9 881,  9 849,  9 816,  9 782,  9 748,  9 712,  9 675,  9 637,  9 598,  9 558,  9 517,  9 474,  9 430,  9 385,  9 338,  9 290,  9 240,  9 190,  9 138,  9 085,  9 030,  8 975,  8 919,  8 863,  8 805,  8 748,  8 689,  8 631,  8 573,  8 514,  8 456,  8 398,  8 340,  8 284,  8 228,  8 173,  8 118,  8 066,  8 014,  7 964,  7 916,  7 869,  7 824,  7 780,  7 738,  7 698,  7 660,  7 623,  7 587,  7 553,  7 520,  7 487,  7 456,  7 425,  7 395,  7 365,  7 336,  7 307,  7 278,  7 249,  7 221,  7 193,  7 165,  7 138,  7 111,  7 084,  7 058,  7 033,  7 008,  6 985
Medium variant,San Marino,34,34,34,34,34,34,34,34,34,34,34,34,34,34,34,34,34,34,34,34,34,34,34,34,34,34,34,34,34,34,34,34,33,33,33,33,33,33,33,33,32,32,32,32,32,32,32,32,32,31,31,31,31,31,31,31,31,31,31,31,30,30,30,30,30,30,30,30,30,30,30,30,30,30,30,30,30,30,30,30,30
Medium variant,Serbia,  8 737,  8 698,  8 653,  8 605,  8 555,  8 505,  8 455,  8 405,  8 355,  8 303,  8 250,  8 197,  8 142,  8 087,  8 031,  7 974,  7 916,  7 858,  7 799,  7 740,  7 680,  7 620,  7 560,  7 500,  7 441,  7 381,  7 321,  7 262,  7 202,  7 143,  7 084,  7 024,  6 965,  6 906,  6 846,  6 786,  6 726,  6 665,  6 605,  6 544,  6 482,  6 421,  6 359,  6 297,  6 235,  6 173,  6 111,  6 049,  5 988,  5 926,  5 864,  5 803,  5 741,  5 680,  5 620,  5 559,  5 499,  5 440,  5 380,  5 321,  5 263,  5 205,  5 148,  5 091,  5 035,  4 979,  4 924,  4 870,  4 816,  4 763,  4 710,  4 658,  4 607,  4 556,  4 506,  4 456,  4 408,  4 359,  4 311,  4 264,  4 217
Medium variant,Slovenia,  2 079,  2 079,  2 078,  2 077,  2 075,  2 073,  2 070,  2 067,  2 064,  2 060,  2 056,  2 052,  2 047,  2 043,  2 038,  2 033,  2 028,  2 022,  2 017,  2 011,  2 006,  2 000,  1 994,  1 988,  1 981,  1 975,  1 968,  1 961,  1 954,  1 947,  1 940,  1 932,  1 924,  1 917,  1 909,  1 901,  1 893,  1 884,  1 876,  1 868,  1 859,  1 851,  1 843,  1 834,  1 826,  1 818,  1 810,  1 802,  1 794,  1 787,  1 779,  1 772,  1 765,  1 758,  1 752,  1 746,  1 740,  1 735,  1 730,  1 725,  1 720,  1 716,  1 713,  1 709,  1 706,  1 703,  1 701,  1 698,  1 696,  1 694,  1 692,  1 691,  1 689,  1 688,  1 686,  1 685,  1 683,  1 682,  1 680,  1 678,  1 676
Medium variant,Spain,  46 755,  46 745,  46 719,  46 679,  46 631,  46 577,  46 519,  46 454,  46 384,  46 309,  46 230,  46 148,  46 061,  45 972,  45 878,  45 780,  45 678,  45 571,  45 460,  45 345,  45 225,  45 100,  44 969,  44 833,  44 689,  44 537,  44 376,  44 207,  44 028,  43 839,  43 637,  43 424,  43 200,  42 964,  42 717,  42 460,  42 193,  41 917,  41 633,  41 342,  41 046,  40 745,  40 441,  40 135,  39 827,  39 520,  39 214,  38 910,  38 610,  38 315,  38 027,  37 747,  37 476,  37 214,  36 964,  36 725,  36 500,  36 286,  36 086,  35 897,  35 720,  35 555,  35 401,  35 256,  35 118,  34 987,  34 861,  34 739,  34 621,  34 504,  34 389,  34 274,  34 159,  34 044,  33 928,  33 811,  33 693,  33 574,  33 454,  33 333,  33 210
Medium variant,Western Europe,  196 146,  196 603,  196 909,  197 107,  197 262,  197 425,  197 606,  197 795,  197 985,  198 163,  198 318,  198 451,  198 569,  198 669,  198 749,  198 807,  198 843,  198 855,  198 844,  198 808,  198 748,  198 662,  198 552,  198 418,  198 261,  198 082,  197 881,  197 660,  197 422,  197 168,  196 902,  196 624,  196 337,  196 044,  195 745,  195 443,  195 141,  194 839,  194 541,  194 249,  193 967,  193 695,  193 435,  193 187,  192 953,  192 733,  192 529,  192 338,  192 161,  191 993,  191 832,  191 678,  191 530,  191 388,  191 248,  191 110,  190 973,  190 837,  190 703,  190 572,  190 443,  190 317,  190 195,  190 077,  189 967,  189 866,  189 773,  189 690,  189 616,  189 551,  189 496,  189 450,  189 412,  189 383,  189 360,  189 343,  189 332,  189 323,  189 317,  189 311,  189 304
Medium variant,Austria,  9 006,  9 043,  9 067,  9 081,  9 092,  9 104,  9 119,  9 134,  9 149,  9 164,  9 176,  9 186,  9 195,  9 202,  9 207,  9 212,  9 214,  9 216,  9 216,  9 214,  9 212,  9 208,  9 204,  9 198,  9 192,  9 184,  9 175,  9 166,  9 155,  9 143,  9 131,  9 117,  9 103,  9 088,  9 072,  9 056,  9 040,  9 024,  9 008,  8 992,  8 976,  8 961,  8 947,  8 932,  8 918,  8 905,  8 892,  8 880,  8 868,  8 857,  8 845,  8 833,  8 822,  8 811,  8 799,  8 788,  8 776,  8 764,  8 752,  8 741,  8 729,  8 718,  8 708,  8 697,  8 688,  8 680,  8 672,  8 666,  8 661,  8 656,  8 653,  8 652,  8 651,  8 651,  8 653,  8 655,  8 658,  8 662,  8 666,  8 671,  8 677
Medium variant,Belgium,  11 590,  11 632,  11 668,  11 699,  11 728,  11 757,  11 787,  11 817,  11 847,  11 876,  11 904,  11 930,  11 956,  11 981,  12 004,  12 026,  12 048,  12 068,  12 087,  12 104,  12 121,  12 137,  12 151,  12 165,  12 177,  12 187,  12 197,  12 204,  12 211,  12 216,  12 221,  12 224,  12 226,  12 228,  12 229,  12 229,  12 230,  12 230,  12 230,  12 230,  12 230,  12 230,  12 230,  12 231,  12 232,  12 234,  12 236,  12 239,  12 243,  12 247,  12 251,  12 256,  12 261,  12 266,  12 272,  12 278,  12 284,  12 290,  12 297,  12 304,  12 310,  12 317,  12 324,  12 331,  12 339,  12 346,  12 355,  12 363,  12 372,  12 381,  12 390,  12 400,  12 410,  12 420,  12 430,  12 441,  12 451,  12 462,  12 472,  12 483,  12 493
Medium variant,France,  65 274,  65 426,  65 585,  65 745,  65 902,  66 051,  66 191,  66 324,  66 452,  66 575,  66 696,  66 813,  66 926,  67 034,  67 136,  67 229,  67 315,  67 393,  67 462,  67 521,  67 571,  67 611,  67 641,  67 662,  67 674,  67 677,  67 673,  67 661,  67 642,  67 617,  67 587,  67 551,  67 511,  67 467,  67 419,  67 368,  67 314,  67 258,  67 200,  67 142,  67 083,  67 025,  66 967,  66 911,  66 858,  66 807,  66 759,  66 714,  66 672,  66 633,  66 596,  66 561,  66 527,  66 495,  66 465,  66 436,  66 407,  66 380,  66 353,  66 324,  66 295,  66 263,  66 230,  66 196,  66 160,  66 125,  66 088,  66 051,  66 014,  65 976,  65 938,  65 900,  65 861,  65 821,  65 780,  65 738,  65 695,  65 649,  65 601,  65 551,  65 498
Medium variant,Germany,  83 784,  83 900,  83 884,  83 775,  83 636,  83 515,  83 423,  83 346,  83 281,  83 214,  83 136,  83 048,  82 956,  82 860,  82 758,  82 650,  82 535,  82 414,  82 286,  82 149,  82 004,  81 850,  81 687,  81 516,  81 336,  81 148,  80 951,  80 747,  80 537,  80 322,  80 104,  79 884,  79 662,  79 440,  79 219,  78 999,  78 782,  78 568,  78 359,  78 156,  77 962,  77 775,  77 597,  77 428,  77 268,  77 116,  76 972,  76 837,  76 709,  76 586,  76 467,  76 351,  76 239,  76 129,  76 021,  75 914,  75 808,  75 702,  75 598,  75 498,  75 402,  75 310,  75 224,  75 143,  75 068,  75 001,  74 940,  74 887,  74 841,  74 802,  74 770,  74 744,  74 725,  74 712,  74 705,  74 703,  74 705,  74 711,  74 719,  74 730,  74 741
Medium variant,Liechtenstein,38,38,38,39,39,39,39,39,39,39,39,40,40,40,40,40,40,40,40,40,40,40,40,40,40,40,40,40,40,40,40,40,40,40,40,40,40,41,41,41,41,41,41,41,41,41,41,41,41,41,42,42,42,42,42,42,42,42,43,43,43,43,43,43,43,43,43,44,44,44,44,44,44,44,44,45,45,45,45,45,45
Medium variant,Luxembourg,626,635,642,649,655,661,667,673,679,685,690,696,702,707,713,718,724,729,734,739,744,749,754,759,763,768,773,777,781,786,790,794,798,802,806,810,814,817,821,825,828,832,835,839,843,846,850,853,857,861,864,868,872,875,879,883,886,890,894,897,901,905,909,912,916,920,924,928,932,936,940,945,949,953,958,962,967,971,976,980,985
Medium variant,Monaco,39,40,40,40,40,41,41,41,41,42,42,42,42,42,43,43,43,43,44,44,44,44,44,45,45,45,45,45,46,46,46,46,46,47,47,47,48,48,48,48,49,49,49,50,50,50,51,51,51,52,52,52,53,53,54,54,54,55,55,56,56,56,57,57,58,58,58,59,59,60,60,60,61,61,62,62,63,63,64,64,64
Medium variant,Netherlands,  17 135,  17 173,  17 211,  17 249,  17 286,  17 320,  17 351,  17 380,  17 406,  17 430,  17 450,  17 468,  17 482,  17 492,  17 499,  17 502,  17 501,  17 497,  17 488,  17 476,  17 461,  17 442,  17 420,  17 395,  17 368,  17 338,  17 307,  17 274,  17 239,  17 203,  17 165,  17 127,  17 088,  17 049,  17 010,  16 971,  16 933,  16 895,  16 858,  16 822,  16 787,  16 753,  16 721,  16 690,  16 660,  16 632,  16 605,  16 580,  16 556,  16 532,  16 510,  16 488,  16 466,  16 444,  16 422,  16 400,  16 377,  16 354,  16 330,  16 305,  16 279,  16 252,  16 225,  16 197,  16 169,  16 140,  16 112,  16 084,  16 056,  16 029,  16 002,  15 975,  15 949,  15 923,  15 898,  15 874,  15 850,  15 827,  15 804,  15 781,  15 760
Medium variant,Switzerland,  8 655,  8 715,  8 774,  8 830,  8 884,  8 937,  8 989,  9 040,  9 091,  9 139,  9 185,  9 229,  9 271,  9 311,  9 349,  9 386,  9 422,  9 456,  9 489,  9 521,  9 551,  9 581,  9 610,  9 639,  9 666,  9 693,  9 720,  9 745,  9 770,  9 794,  9 818,  9 840,  9 862,  9 882,  9 902,  9 922,  9 940,  9 959,  9 976,  9 994,  10 012,  10 029,  10 047,  10 065,  10 083,  10 102,  10 122,  10 142,  10 163,  10 184,  10 205,  10 227,  10 249,  10 271,  10 293,  10 316,  10 338,  10 360,  10 382,  10 405,  10 428,  10 452,  10 476,  10 500,  10 526,  10 552,  10 580,  10 608,  10 637,  10 668,  10 699,  10 730,  10 763,  10 796,  10 830,  10 864,  10 899,  10 934,  10 970,  11 006,  11 041
Medium variant,United States of America,  331 003,  332 915,  334 805,  336 679,  338 543,  340 400,  342 252,  344 101,  345 948,  347 795,  349 642,  351 490,  353 335,  355 163,  356 953,  358 691,  360 372,  361 998,  363 570,  365 094,  366 572,  368 006,  369 397,  370 746,  372 060,  373 343,  374 598,  375 828,  377 037,  378 233,  379 419,  380 599,  381 776,  382 955,  384 140,  385 335,  386 542,  387 763,  388 995,  390 240,  391 495,  392 760,  394 033,  395 313,  396 595,  397 876,  399 155,  400 429,  401 693,  402 943,  404 174,  405 385,  406 573,  407 738,  408 878,  409 993,  411 082,  412 145,  413 184,  414 200,  415 197,  416 176,  417 137,  418 082,  419 015,  419 937,  420 851,  421 758,  422 661,  423 564,  424 470,  425 381,  426 297,  427 220,  428 148,  429 082,  430 022,  430 968,  431 921,  432 883,  433 854