Type of projection,Geopolitical entity (reporting),TIME_PERIOD,OBS_VALUE
Baseline projections,Germany,2022,53193690
Baseline projections,Germany,2023,53879298
Baseline projections,Germany,2024,53968800
Baseline projections,Germany,2025,53766976
Baseline projections,Germany,2026,53504357
Baseline projections,Germany,2027,53145930
Baseline projections,Germany,2028,52741317
Baseline projections,Germany,2029,52314579
Baseline projections,Germany,2030,51916372
Baseline projections,Germany,2031,51561408
Baseline projections,Germany,2032,51245848
Baseline projections,Germany,2033,50964876
Baseline projections,Germany,2034,50716365
Baseline projections,Germany,2035,50540715
Baseline projections,Germany,2036,50436725
Baseline projections,Germany,2037,50382535
Baseline projections,Germany,2038,50369077
Baseline projections,Germany,2039,50450163
Baseline projections,Germany,2040,50534263
Baseline projections,Germany,2041,50620227
Baseline projections,Germany,2042,50672417
Baseline projections,Germany,2043,50698169
Baseline projections,Germany,2044,50705006
Baseline projections,Germany,2045,50689796
Baseline projections,Germany,2046,50620419
Baseline projections,Germany,2047,50545867
Baseline projections,Germany,2048,50453681
Baseline projections,Germany,2049,50370209
Baseline projections,Germany,2050,50278679
Baseline projections,Germany,2051,50171404
Baseline projections,Germany,2052,50028973
Baseline projections,Germany,2053,49861432
Baseline projections,Germany,2054,49661357
Baseline projections,Germany,2055,49478427
Baseline projections,Germany,2056,49277361
Baseline projections,Germany,2057,49150072
Baseline projections,Germany,2058,49045442
Baseline projections,Germany,2059,48948907
Baseline projections,Germany,2060,48871754
Baseline projections,Germany,2061,48799080
Baseline projections,Germany,2062,48706027
Baseline projections,Germany,2063,48599361
Baseline projections,Germany,2064,48519068
Baseline projections,Germany,2065,48450531
Baseline projections,Germany,2066,48386889
Baseline projections,Germany,2067,48358705
Baseline projections,Germany,2068,48346685
Baseline projections,Germany,2069,48343444
Baseline projections,Germany,2070,48338831
Baseline projections,Germany,2071,48338651
Baseline projections,Germany,2072,48346562
Baseline projections,Germany,2073,48339098
Baseline projections,Germany,2074,48322332
Baseline projections,Germany,2075,48319981
Baseline projections,Germany,2076,48299561
Baseline projections,Germany,2077,48288716
Baseline projections,Germany,2078,48257333
Baseline projections,Germany,2079,48216561
Baseline projections,Germany,2080,48144359
Baseline projections,Germany,2081,48057042
Baseline projections,Germany,2082,47939924
Baseline projections,Germany,2083,47822307
Baseline projections,Germany,2084,47703781
Baseline projections,Germany,2085,47591603
Baseline projections,Germany,2086,47480361
Baseline projections,Germany,2087,47354392
Baseline projections,Germany,2088,47270258
Baseline projections,Germany,2089,47163093
Baseline projections,Germany,2090,47056783
Baseline projections,Germany,2091,46956343
Baseline projections,Germany,2092,46862253
Baseline projections,Germany,2093,46774642
Baseline projections,Germany,2094,46694005
Baseline projections,Germany,2095,46620215
Baseline projections,Germany,2096,46553127
Baseline projections,Germany,2097,46492382
Baseline projections,Germany,2098,46437483
Baseline projections,Germany,2099,46387791
Baseline projections,Germany,2100,46342284
Baseline projections,Spain,2022,31278325
Baseline projections,Spain,2023,31652736
Baseline projections,Spain,2024,31902305
Baseline projections,Spain,2025,32041549
Baseline projections,Spain,2026,32112622
Baseline projections,Spain,2027,32139572
Baseline projections,Spain,2028,32096270
Baseline projections,Spain,2029,32012282
Baseline projections,Spain,2030,31904257
Baseline projections,Spain,2031,31799202
Baseline projections,Spain,2032,31680334
Baseline projections,Spain,2033,31526655
Baseline projections,Spain,2034,31355273
Baseline projections,Spain,2035,31168665
Baseline projections,Spain,2036,30958356
Baseline projections,Spain,2037,30734748
Baseline projections,Spain,2038,30492531
Baseline projections,Spain,2039,30244679
Baseline projections,Spain,2040,29979266
Baseline projections,Spain,2041,29707940
Baseline projections,Spain,2042,29431385
Baseline projections,Spain,2043,29167948
Baseline projections,Spain,2044,28914442
Baseline projections,Spain,2045,28691506
Baseline projections,Spain,2046,28488606
Baseline projections,Spain,2047,28316255
Baseline projections,Spain,2048,28170491
Baseline projections,Spain,2049,28056640
Baseline projections,Spain,2050,27960611
Baseline projections,Spain,2051,27884033
Baseline projections,Spain,2052,27823624
Baseline projections,Spain,2053,27773685
Baseline projections,Spain,2054,27726162
Baseline projections,Spain,2055,27683846
Baseline projections,Spain,2056,27643931
Baseline projections,Spain,2057,27605014
Baseline projections,Spain,2058,27556440
Baseline projections,Spain,2059,27512958
Baseline projections,Spain,2060,27475284
Baseline projections,Spain,2061,27433742
Baseline projections,Spain,2062,27382769
Baseline projections,Spain,2063,27318729
Baseline projections,Spain,2064,27249815
Baseline projections,Spain,2065,27162076
Baseline projections,Spain,2066,27058641
Baseline projections,Spain,2067,26949486
Baseline projections,Spain,2068,26833731
Baseline projections,Spain,2069,26698624
Baseline projections,Spain,2070,26553220
Baseline projections,Spain,2071,26401434
Baseline projections,Spain,2072,26239839
Baseline projections,Spain,2073,26074447
Baseline projections,Spain,2074,25891913
Baseline projections,Spain,2075,25730550
Baseline projections,Spain,2076,25576262
Baseline projections,Spain,2077,25425135
Baseline projections,Spain,2078,25288289
Baseline projections,Spain,2079,25171746
Baseline projections,Spain,2080,25050479
Baseline projections,Spain,2081,24935232
Baseline projections,Spain,2082,24830079
Baseline projections,Spain,2083,24744616
Baseline projections,Spain,2084,24681042
Baseline projections,Spain,2085,24631787
Baseline projections,Spain,2086,24599543
Baseline projections,Spain,2087,24571075
Baseline projections,Spain,2088,24550340
Baseline projections,Spain,2089,24531868
Baseline projections,Spain,2090,24513661
Baseline projections,Spain,2091,24495256
Baseline projections,Spain,2092,24475633
Baseline projections,Spain,2093,24453813
Baseline projections,Spain,2094,24429104
Baseline projections,Spain,2095,24400747
Baseline projections,Spain,2096,24368150
Baseline projections,Spain,2097,24330885
Baseline projections,Spain,2098,24288644
Baseline projections,Spain,2099,24241214
Baseline projections,Spain,2100,24188608
Baseline projections,France,2022,41768905
Baseline projections,France,2023,41897297
Baseline projections,France,2024,41966928
Baseline projections,France,2025,41985267
Baseline projections,France,2026,42002454
Baseline projections,France,2027,41988109
Baseline projections,France,2028,41963733
Baseline projections,France,2029,41903604
Baseline projections,France,2030,41832122
Baseline projections,France,2031,41749887
Baseline projections,France,2032,41656320
Baseline projections,France,2033,41566542
Baseline projections,France,2034,41462350
Baseline projections,France,2035,41346754
Baseline projections,France,2036,41207408
Baseline projections,France,2037,41054413
Baseline projections,France,2038,40941551
Baseline projections,France,2039,40831234
Baseline projections,France,2040,40754677
Baseline projections,France,2041,40712673
Baseline projections,France,2042,40691012
Baseline projections,France,2043,40649221
Baseline projections,France,2044,40608342
Baseline projections,France,2045,40553510
Baseline projections,France,2046,40456657
Baseline projections,France,2047,40373321
Baseline projections,France,2048,40294688
Baseline projections,France,2049,40260207
Baseline projections,France,2050,40214021
Baseline projections,France,2051,40161299
Baseline projections,France,2052,40103998
Baseline projections,France,2053,40054056
Baseline projections,France,2054,40000436
Baseline projections,France,2055,39952979
Baseline projections,France,2056,39904043
Baseline projections,France,2057,39867461
Baseline projections,France,2058,39834938
Baseline projections,France,2059,39824285
Baseline projections,France,2060,39809311
Baseline projections,France,2061,39775172
Baseline projections,France,2062,39730337
Baseline projections,France,2063,39682680
Baseline projections,France,2064,39617165
Baseline projections,France,2065,39541287
Baseline projections,France,2066,39418767
Baseline projections,France,2067,39303257
Baseline projections,France,2068,39189500
Baseline projections,France,2069,39077843
Baseline projections,France,2070,38958116
Baseline projections,France,2071,38835721
Baseline projections,France,2072,38700547
Baseline projections,France,2073,38576816
Baseline projections,France,2074,38448368
Baseline projections,France,2075,38322888
Baseline projections,France,2076,38188910
Baseline projections,France,2077,38073205
Baseline projections,France,2078,37959562
Baseline projections,France,2079,37858167
Baseline projections,France,2080,37760704
Baseline projections,France,2081,37684421
Baseline projections,France,2082,37624334
Baseline projections,France,2083,37581866
Baseline projections,France,2084,37551165
Baseline projections,France,2085,37525895
Baseline projections,France,2086,37513763
Baseline projections,France,2087,37496585
Baseline projections,France,2088,37435680
Baseline projections,France,2089,37388814
Baseline projections,France,2090,37341419
Baseline projections,France,2091,37293331
Baseline projections,France,2092,37243595
Baseline projections,France,2093,37191511
Baseline projections,France,2094,37135843
Baseline projections,France,2095,37076099
Baseline projections,France,2096,37011942
Baseline projections,France,2097,36943177
Baseline projections,France,2098,36869963
Baseline projections,France,2099,36792593
Baseline projections,France,2100,36711506
Baseline projections,Italy,2022,37488934
Baseline projections,Italy,2023,37492478
Baseline projections,Italy,2024,37434144
Baseline projections,Italy,2025,37325396
Baseline projections,Italy,2026,37200581
Baseline projections,Italy,2027,37047678
Baseline projections,Italy,2028,36880708
Baseline projections,Italy,2029,36667508
Baseline projections,Italy,2030,36396336
Baseline projections,Italy,2031,36125354
Baseline projections,Italy,2032,35843899
Baseline projections,Italy,2033,35559859
Baseline projections,Italy,2034,35263552
Baseline projections,Italy,2035,34949389
Baseline projections,Italy,2036,34643458
Baseline projections,Italy,2037,34325713
Baseline projections,Italy,2038,34009162
Baseline projections,Italy,2039,33695630
Baseline projections,Italy,2040,33377206
Baseline projections,Italy,2041,33089616
Baseline projections,Italy,2042,32837309
Baseline projections,Italy,2043,32615861
Baseline projections,Italy,2044,32417146
Baseline projections,Italy,2045,32253518
Baseline projections,Italy,2046,32109721
Baseline projections,Italy,2047,31981612
Baseline projections,Italy,2048,31856811
Baseline projections,Italy,2049,31752449
Baseline projections,Italy,2050,31657685
Baseline projections,Italy,2051,31572764
Baseline projections,Italy,2052,31503304
Baseline projections,Italy,2053,31433833
Baseline projections,Italy,2054,31348969
Baseline projections,Italy,2055,31274015
Baseline projections,Italy,2056,31192347
Baseline projections,Italy,2057,31114941
Baseline projections,Italy,2058,31027923
Baseline projections,Italy,2059,30954285
Baseline projections,Italy,2060,30879695
Baseline projections,Italy,2061,30799282
Baseline projections,Italy,2062,30705047
Baseline projections,Italy,2063,30599819
Baseline projections,Italy,2064,30480502
Baseline projections,Italy,2065,30353504
Baseline projections,Italy,2066,30210461
Baseline projections,Italy,2067,30067151
Baseline projections,Italy,2068,29919935
Baseline projections,Italy,2069,29759052
Baseline projections,Italy,2070,29579384
Baseline projections,Italy,2071,29399941
Baseline projections,Italy,2072,29214327
Baseline projections,Italy,2073,29027062
Baseline projections,Italy,2074,28836581
Baseline projections,Italy,2075,28650481
Baseline projections,Italy,2076,28471418
Baseline projections,Italy,2077,28305975
Baseline projections,Italy,2078,28148684
Baseline projections,Italy,2079,28011209
Baseline projections,Italy,2080,27880516
Baseline projections,Italy,2081,27763383
Baseline projections,Italy,2082,27657253
Baseline projections,Italy,2083,27563720
Baseline projections,Italy,2084,27487530
Baseline projections,Italy,2085,27427782
Baseline projections,Italy,2086,27382225
Baseline projections,Italy,2087,27341397
Baseline projections,Italy,2088,27307275
Baseline projections,Italy,2089,27277377
Baseline projections,Italy,2090,27246822
Baseline projections,Italy,2091,27215641
Baseline projections,Italy,2092,27183018
Baseline projections,Italy,2093,27148181
Baseline projections,Italy,2094,27110517
Baseline projections,Italy,2095,27069459
Baseline projections,Italy,2096,27024615
Baseline projections,Italy,2097,26975699
Baseline projections,Italy,2098,26922568
Baseline projections,Italy,2099,26865211
Baseline projections,Italy,2100,26803737
Sensitivity test: no migration,Germany,2022,53193690
Sensitivity test: no migration,Germany,2023,53879298
Sensitivity test: no migration,Germany,2024,53405261
Sensitivity test: no migration,Germany,2025,52848329
Sensitivity test: no migration,Germany,2026,52274817
Sensitivity test: no migration,Germany,2027,51647851
Sensitivity test: no migration,Germany,2028,51022220
Sensitivity test: no migration,Germany,2029,50363120
Sensitivity test: no migration,Germany,2030,49725810
Sensitivity test: no migration,Germany,2031,49127249
Sensitivity test: no migration,Germany,2032,48563459
Sensitivity test: no migration,Germany,2033,48030411
Sensitivity test: no migration,Germany,2034,47524563
Sensitivity test: no migration,Germany,2035,47061518
Sensitivity test: no migration,Germany,2036,46671272
Sensitivity test: no migration,Germany,2037,46330072
Sensitivity test: no migration,Germany,2038,46028180
Sensitivity test: no migration,Germany,2039,45817720
Sensitivity test: no migration,Germany,2040,45603139
Sensitivity test: no migration,Germany,2041,45388239
Sensitivity test: no migration,Germany,2042,45137418
Sensitivity test: no migration,Germany,2043,44857071
Sensitivity test: no migration,Germany,2044,44554485
Sensitivity test: no migration,Germany,2045,44226074
Sensitivity test: no migration,Germany,2046,43836829
Sensitivity test: no migration,Germany,2047,43439184
Sensitivity test: no migration,Germany,2048,43020107
Sensitivity test: no migration,Germany,2049,42608313
Sensitivity test: no migration,Germany,2050,42186362
Sensitivity test: no migration,Germany,2051,41746490
Sensitivity test: no migration,Germany,2052,41268000
Sensitivity test: no migration,Germany,2053,40763255
Sensitivity test: no migration,Germany,2054,40225733
Sensitivity test: no migration,Germany,2055,39707199
Sensitivity test: no migration,Germany,2056,39172837
Sensitivity test: no migration,Germany,2057,38723404
Sensitivity test: no migration,Germany,2058,38304528
Sensitivity test: no migration,Germany,2059,37901183
Sensitivity test: no migration,Germany,2060,37525579
Sensitivity test: no migration,Germany,2061,37162593
Sensitivity test: no migration,Germany,2062,36786515
Sensitivity test: no migration,Germany,2063,36405698
Sensitivity test: no migration,Germany,2064,36064841
Sensitivity test: no migration,Germany,2065,35749384
Sensitivity test: no migration,Germany,2066,35452212
Sensitivity test: no migration,Germany,2067,35204384
Sensitivity test: no migration,Germany,2068,34983509
Sensitivity test: no migration,Germany,2069,34782807
Sensitivity test: no migration,Germany,2070,34590600
Sensitivity test: no migration,Germany,2071,34405884
Sensitivity test: no migration,Germany,2072,34223526
Sensitivity test: no migration,Germany,2073,34023154
Sensitivity test: no migration,Germany,2074,33810551
Sensitivity test: no migration,Germany,2075,33610443
Sensitivity test: no migration,Germany,2076,33390438
Sensitivity test: no migration,Germany,2077,33179421
Sensitivity test: no migration,Germany,2078,32945889
Sensitivity test: no migration,Germany,2079,32703036
Sensitivity test: no migration,Germany,2080,32427285
Sensitivity test: no migration,Germany,2081,32136246
Sensitivity test: no migration,Germany,2082,31814836
Sensitivity test: no migration,Germany,2083,31494728
Sensitivity test: no migration,Germany,2084,31177401
Sensitivity test: no migration,Germany,2085,30870712
Sensitivity test: no migration,Germany,2086,30569401
Sensitivity test: no migration,Germany,2087,30256911
Sensitivity test: no migration,Germany,2088,29994461
Sensitivity test: no migration,Germany,2089,29712212
Sensitivity test: no migration,Germany,2090,29438567
Sensitivity test: no migration,Germany,2091,29174644
Sensitivity test: no migration,Germany,2092,28921401
Sensitivity test: no migration,Germany,2093,28679459
Sensitivity test: no migration,Germany,2094,28449186
Sensitivity test: no migration,Germany,2095,28230740
Sensitivity test: no migration,Germany,2096,28023915
Sensitivity test: no migration,Germany,2097,27828189
Sensitivity test: no migration,Germany,2098,27642747
Sensitivity test: no migration,Germany,2099,27466495
Sensitivity test: no migration,Germany,2100,27298062
Sensitivity test: no migration,Spain,2022,31278325
Sensitivity test: no migration,Spain,2023,31652736
Sensitivity test: no migration,Spain,2024,31530912
Sensitivity test: no migration,Spain,2025,31370362
Sensitivity test: no migration,Spain,2026,31184297
Sensitivity test: no migration,Spain,2027,30997370
Sensitivity test: no migration,Spain,2028,30780029
Sensitivity test: no migration,Spain,2029,30518188
Sensitivity test: no migration,Spain,2030,30229563
Sensitivity test: no migration,Spain,2031,29943800
Sensitivity test: no migration,Spain,2032,29642711
Sensitivity test: no migration,Spain,2033,29303317
Sensitivity test: no migration,Spain,2034,28943677
Sensitivity test: no migration,Spain,2035,28561153
Sensitivity test: no migration,Spain,2036,28151394
Sensitivity test: no migration,Spain,2037,27725802
Sensitivity test: no migration,Spain,2038,27277705
Sensitivity test: no migration,Spain,2039,26822630
Sensitivity test: no migration,Spain,2040,26346687
Sensitivity test: no migration,Spain,2041,25863188
Sensitivity test: no migration,Spain,2042,25372668
Sensitivity test: no migration,Spain,2043,24894896
Sensitivity test: no migration,Spain,2044,24426203
Sensitivity test: no migration,Spain,2045,23988987
Sensitivity test: no migration,Spain,2046,23571817
Sensitivity test: no migration,Spain,2047,23186098
Sensitivity test: no migration,Spain,2048,22827862
Sensitivity test: no migration,Spain,2049,22503163
Sensitivity test: no migration,Spain,2050,22197129
Sensitivity test: no migration,Spain,2051,21911976
Sensitivity test: no migration,Spain,2052,21644497
Sensitivity test: no migration,Spain,2053,21389298
Sensitivity test: no migration,Spain,2054,21138102
Sensitivity test: no migration,Spain,2055,20893934
Sensitivity test: no migration,Spain,2056,20655003
Sensitivity test: no migration,Spain,2057,20420817
Sensitivity test: no migration,Spain,2058,20180702
Sensitivity test: no migration,Spain,2059,19951496
Sensitivity test: no migration,Spain,2060,19734650
Sensitivity test: no migration,Spain,2061,19520365
Sensitivity test: no migration,Spain,2062,19303328
Sensitivity test: no migration,Spain,2063,19080140
Sensitivity test: no migration,Spain,2064,18859417
Sensitivity test: no migration,Spain,2065,18625618
Sensitivity test: no migration,Spain,2066,18381582
Sensitivity test: no migration,Spain,2067,18136960
Sensitivity test: no migration,Spain,2068,17890121
Sensitivity test: no migration,Spain,2069,17627008
Sensitivity test: no migration,Spain,2070,17357347
Sensitivity test: no migration,Spain,2071,17083783
Sensitivity test: no migration,Spain,2072,16798587
Sensitivity test: no migration,Spain,2073,16508267
Sensitivity test: no migration,Spain,2074,16198646
Sensitivity test: no migration,Spain,2075,15911505
Sensitivity test: no migration,Spain,2076,15631774
Sensitivity test: no migration,Spain,2077,15355147
Sensitivity test: no migration,Spain,2078,15093831
Sensitivity test: no migration,Spain,2079,14854667
Sensitivity test: no migration,Spain,2080,14610413
Sensitivity test: no migration,Spain,2081,14372559
Sensitivity test: no migration,Spain,2082,14145640
Sensitivity test: no migration,Spain,2083,13940361
Sensitivity test: no migration,Spain,2084,13759650
Sensitivity test: no migration,Spain,2085,13595643
Sensitivity test: no migration,Spain,2086,13451868
Sensitivity test: no migration,Spain,2087,13314017
Sensitivity test: no migration,Spain,2088,13187376
Sensitivity test: no migration,Spain,2089,13064602
Sensitivity test: no migration,Spain,2090,12944628
Sensitivity test: no migration,Spain,2091,12826493
Sensitivity test: no migration,Spain,2092,12709410
Sensitivity test: no migration,Spain,2093,12592658
Sensitivity test: no migration,Spain,2094,12475614
Sensitivity test: no migration,Spain,2095,12357684
Sensitivity test: no migration,Spain,2096,12238394
Sensitivity test: no migration,Spain,2097,12117316
Sensitivity test: no migration,Spain,2098,11994100
Sensitivity test: no migration,Spain,2099,11868488
Sensitivity test: no migration,Spain,2100,11740301
Sensitivity test: no migration,France,2022,41768905
Sensitivity test: no migration,France,2023,41897297
Sensitivity test: no migration,France,2024,41859609
Sensitivity test: no migration,France,2025,41800691
Sensitivity test: no migration,France,2026,41752053
Sensitivity test: no migration,France,2027,41681879
Sensitivity test: no migration,France,2028,41611825
Sensitivity test: no migration,France,2029,41500716
Sensitivity test: no migration,France,2030,41374985
Sensitivity test: no migration,France,2031,41235515
Sensitivity test: no migration,France,2032,41081406
Sensitivity test: no migration,France,2033,40928948
Sensitivity test: no migration,France,2034,40758456
Sensitivity test: no migration,France,2035,40569818
Sensitivity test: no migration,France,2036,40353003
Sensitivity test: no migration,France,2037,40118916
Sensitivity test: no migration,France,2038,39925962
Sensitivity test: no migration,France,2039,39735616
Sensitivity test: no migration,France,2040,39579697
Sensitivity test: no migration,France,2041,39460394
Sensitivity test: no migration,France,2042,39363039
Sensitivity test: no migration,France,2043,39244091
Sensitivity test: no migration,France,2044,39126114
Sensitivity test: no migration,France,2045,38993847
Sensitivity test: no migration,France,2046,38817028
Sensitivity test: no migration,France,2047,38656304
Sensitivity test: no migration,France,2048,38502767
Sensitivity test: no migration,France,2049,38399924
Sensitivity test: no migration,France,2050,38288123
Sensitivity test: no migration,France,2051,38173283
Sensitivity test: no migration,France,2052,38058121
Sensitivity test: no migration,France,2053,37955992
Sensitivity test: no migration,France,2054,37854652
Sensitivity test: no migration,France,2055,37764795
Sensitivity test: no migration,France,2056,37678540
Sensitivity test: no migration,France,2057,37610453
Sensitivity test: no migration,France,2058,37551078
Sensitivity test: no migration,France,2059,37519267
Sensitivity test: no migration,France,2060,37486150
Sensitivity test: no migration,France,2061,37434369
Sensitivity test: no migration,France,2062,37371576
Sensitivity test: no migration,France,2063,37304915
Sensitivity test: no migration,France,2064,37216095
Sensitivity test: no migration,France,2065,37110905
Sensitivity test: no migration,France,2066,36948509
Sensitivity test: no migration,France,2067,36785484
Sensitivity test: no migration,France,2068,36615056
Sensitivity test: no migration,France,2069,36435749
Sensitivity test: no migration,France,2070,36236952
Sensitivity test: no migration,France,2071,36029041
Sensitivity test: no migration,France,2072,35799870
Sensitivity test: no migration,France,2073,35579556
Sensitivity test: no migration,France,2074,35352710
Sensitivity test: no migration,France,2075,35128704
Sensitivity test: no migration,France,2076,34895770
Sensitivity test: no migration,France,2077,34683694
Sensitivity test: no migration,France,2078,34475647
Sensitivity test: no migration,France,2079,34283079
Sensitivity test: no migration,France,2080,34097048
Sensitivity test: no migration,France,2081,33936288
Sensitivity test: no migration,France,2082,33795764
Sensitivity test: no migration,France,2083,33677245
Sensitivity test: no migration,France,2084,33574406
Sensitivity test: no migration,France,2085,33480331
Sensitivity test: no migration,France,2086,33403528
Sensitivity test: no migration,France,2087,33324011
Sensitivity test: no migration,France,2088,33199681
Sensitivity test: no migration,France,2089,33090940
Sensitivity test: no migration,France,2090,32984057
Sensitivity test: no migration,France,2091,32877281
Sensitivity test: no migration,France,2092,32769046
Sensitivity test: no migration,France,2093,32657845
Sensitivity test: no migration,France,2094,32542344
Sensitivity test: no migration,France,2095,32421406
Sensitivity test: no migration,France,2096,32294132
Sensitivity test: no migration,France,2097,32159943
Sensitivity test: no migration,France,2098,32018595
Sensitivity test: no migration,France,2099,31870209
Sensitivity test: no migration,France,2100,31715172
Sensitivity test: no migration,Italy,2022,37488934
Sensitivity test: no migration,Italy,2023,37492478
Sensitivity test: no migration,Italy,2024,37237030
Sensitivity test: no migration,Italy,2025,36942164
Sensitivity test: no migration,Italy,2026,36620420
Sensitivity test: no migration,Italy,2027,36258948
Sensitivity test: no migration,Italy,2028,35873078
Sensitivity test: no migration,Italy,2029,35436618
Sensitivity test: no migration,Italy,2030,34936943
Sensitivity test: no migration,Italy,2031,34437503
Sensitivity test: no migration,Italy,2032,33926658
Sensitivity test: no migration,Italy,2033,33412991
Sensitivity test: no migration,Italy,2034,32885575
Sensitivity test: no migration,Italy,2035,32333995
Sensitivity test: no migration,Italy,2036,31791027
Sensitivity test: no migration,Italy,2037,31234641
Sensitivity test: no migration,Italy,2038,30679206
Sensitivity test: no migration,Italy,2039,30126806
Sensitivity test: no migration,Italy,2040,29567524
Sensitivity test: no migration,Italy,2041,29041249
Sensitivity test: no migration,Italy,2042,28552768
Sensitivity test: no migration,Italy,2043,28097202
Sensitivity test: no migration,Italy,2044,27665664
Sensitivity test: no migration,Italy,2045,27271715
Sensitivity test: no migration,Italy,2046,26898843
Sensitivity test: no migration,Italy,2047,26542730
Sensitivity test: no migration,Italy,2048,26190229
Sensitivity test: no migration,Italy,2049,25860278
Sensitivity test: no migration,Italy,2050,25541654
Sensitivity test: no migration,Italy,2051,25235095
Sensitivity test: no migration,Italy,2052,24947162
Sensitivity test: no migration,Italy,2053,24661753
Sensitivity test: no migration,Italy,2054,24362703
Sensitivity test: no migration,Italy,2055,24077565
Sensitivity test: no migration,Italy,2056,23789393
Sensitivity test: no migration,Italy,2057,23510739
Sensitivity test: no migration,Italy,2058,23227232
Sensitivity test: no migration,Italy,2059,22964324
Sensitivity test: no migration,Italy,2060,22707070
Sensitivity test: no migration,Italy,2061,22450615
Sensitivity test: no migration,Italy,2062,22186618
Sensitivity test: no migration,Italy,2063,21918199
Sensitivity test: no migration,Italy,2064,21642003
Sensitivity test: no migration,Italy,2065,21364751
Sensitivity test: no migration,Italy,2066,21076994
Sensitivity test: no migration,Italy,2067,20795100
Sensitivity test: no migration,Italy,2068,20515123
Sensitivity test: no migration,Italy,2069,20226321
Sensitivity test: no migration,Italy,2070,19923992
Sensitivity test: no migration,Italy,2071,19626823
Sensitivity test: no migration,Italy,2072,19323755
Sensitivity test: no migration,Italy,2073,19018897
Sensitivity test: no migration,Italy,2074,18710213
Sensitivity test: no migration,Italy,2075,18405666
Sensitivity test: no migration,Italy,2076,18107698
Sensitivity test: no migration,Italy,2077,17823341
Sensitivity test: no migration,Italy,2078,17546688
Sensitivity test: no migration,Italy,2079,17290471
Sensitivity test: no migration,Italy,2080,17040500
Sensitivity test: no migration,Italy,2081,16804094
Sensitivity test: no migration,Italy,2082,16578705
Sensitivity test: no migration,Italy,2083,16366249
Sensitivity test: no migration,Italy,2084,16172370
Sensitivity test: no migration,Italy,2085,15996203
Sensitivity test: no migration,Italy,2086,15835770
Sensitivity test: no migration,Italy,2087,15681181
Sensitivity test: no migration,Italy,2088,15534571
Sensitivity test: no migration,Italy,2089,15393300
Sensitivity test: no migration,Italy,2090,15253650
Sensitivity test: no migration,Italy,2091,15114930
Sensitivity test: no migration,Italy,2092,14976635
Sensitivity test: no migration,Italy,2093,14838217
Sensitivity test: no migration,Italy,2094,14699219
Sensitivity test: no migration,Italy,2095,14559195
Sensitivity test: no migration,Italy,2096,14417742
Sensitivity test: no migration,Italy,2097,14274584
Sensitivity test: no migration,Italy,2098,14129472
Sensitivity test: no migration,Italy,2099,13982263
Sensitivity test: no migration,Italy,2100,13832935
